id_ref,Sequence
>AP00251,GLVSSIGKALGGLLADVVKTKEQPA
>AP02536,RRSKVRICSRGKNCVSRPGGGSVIGRPGGGSPPGGGSFNDEFIRDHSDGNRFA
>AP00527,ILGPVISKIGGVLGGLLKNL
>UniRef50_A9BHV5,VGGPLGHSDKIYNKADYILSLSKMTFTHEFA
>AP00045,QGVRSYLSCWGNRGICLLNRCPGRMRQIGTCLAPRVKCCR
>UniRef50_Q54X97,YDVKFGTSYRKKGDNDHLPIAGGQHHGHQHHGHQHHGHHHHN
>AP00376,GWKDWAKKAGGWLKKKGPGMAKAALKAAMQ
>AP00600,GLLRASSVWGRKYYVDLAGCAKA
>AP02763,FFSMIPKIAGGIASLVKNLG
>UniRef50_Q9UU87,YCPGGKLASVDHGISFDPMPLET
>UniRef50_P0A9F8,SQLTEATRKLQARSAKGALTVSLLPSFAIHWLVPRL
>UniRef50_Q9WYG8,FYVINRIGLENPGIHAFVENIPELPVPMIASLGGDSFEEYLEVARVFK
>UniRef50_Q58925,NCFYVAEIDGRVVGYILGSMDWGNGHIISLAV
>AP00851,KYYGNGVTCGKHSCSVNWGQAFSCSVSHLANFGHGKC
>UniRef50_Q980I9,AIEAGSSFNVPHGYAISVGMVCEAKMAEELG
>UniRef50_Q9RT22,VFKFAVRTLGDSAEQAMRQAGK
>AP00736,RLGDILQKAREKIEGGLKKLVQKIKDFFGKFAPRTES
>AP01756,PDPGQPWQVKAGRPPCYSIPCRKHDECRVGSCSRCNNGLWGDRTCR
>UniRef50_Q6CWX7,RSQSLKKKRNRLARIHSHDDIMHLRSQSSFSSDLLGSGFSPIPEKSPNPSPLPKYERSPRKENNILDRTNLFDLR
>AP00155,RGLRRLGRKIAHGVKKYGPTVLRIIRIAG
>AP00180,ATCYCRTGRCATRESLSGVCEISGRLYRLCCR
>UniRef50_Q6FIQ6,LHQHVEKHLLKDIREMFQNPDLKFKNKSKEETF
>UniRef50_Q8SQK9,GRIVDLVEKRV
>UniRef50_Q9Y4F5,QNMNDSCEDALANKTRP
>UniRef50_Q6FK59,GYAYSGKNVSGMDDQ
>AP00080,GIFSKLGRKKIKNLLISGLKNVGKEVGMDVVRTGIDIAGCKIKGEC
>AP02001,GMATKAGTALGKVAKAVIGAAL
>AP00208,RADTQTYQPYNKDWIKEKIYVLLRRQAQQAGK
>AP02343,IQRTPKIQVYSRHPAENGKSNFLNCYVSGFHPSDIEVDLLKNGERIEKVEHSDLSFSKDWSFYLLYYTEFTPTEKDEYACRVNHVTLSQPKIVKWDRDM
>AP02287,GLKEVAHSAKKFAKGFISGLTGS
>UniRef50_P47018,KIVVGETEEVLRIHLVHDLVNYPSLQYNIESKFDQVLSSQVEGGIRIFVDEWGHPNNNGITPVEKKPSV
>UniRef50_O83361,FFSRPDLVYVPYGERAWGDYG
>AP00379,DFKDWMKTAGEWLKKKGPGILKAAMAAAT
>AP00848,KNYGNGVHCTKKGCSVDWGYAWANIANNSVMNGLTGGNAGWHN
>AP02892,VFLGAIAQALTSLLGKL
>AP00385,FKLGSFLKKAWKSKLAKKLRAKGKEMLKDYAKGLLEGGSEEVPGQ
>UniRef50_O59719,LVFSNGEPSLLFALSSCELVIFQVTYDLMFLDEPNTPGCLSAIPLRFLYADDVYNSDSFANVSVHPT
>AP00275,GVIPCGESCVFIPCISTLLGCSCKNKVCYRN
>AP00094,FLPLIGRVLSGIL
>AP00187,VVCACRRALCLPRERRAGFCRIRGRIHPLCCRR
>AP02635,QGGIASCCRRHSKTQINREHLTHYYEQHRPPCPIKAVVFYVIGGARICADPNKVWTKTSKAFLDGVHYQRQHTSSKVSF
>UniRef50_O74766,GALQFIPGDAVEVS
>AP02086,PDSVSIPITCCFNVINRKIPIQRLESYTRITNIQCPKEAVIFKTKRGKEVCADPKERWVRDSMKHLDQIFQNLKP
>AP00951,GLWSTIKNVAAAAGKAALGAL
>UniRef50_Q0SMS3,YQALKKKYPRVKLGGNIGVSPLSFF
>AP02211,FLNALKNFAKTAGKRLKSLLN
>UniRef50_B7TWP7,VSRGKQRSRDQNGVMHSAASGALGVPHHLRRGEKGTSYSWSPEARQAVSVDKKNGSVRFATPYDQNWESHLNKLLSAQCGQNYAGAKFSEPPSPSVLPKPPSHW
>UniRef50_Q7UJD7,AGRMGRRVVALGLADPNFQLVGAIDHAKSDHLGQDSGAVAGEAPSGIEISSHWPVLDDAATNQAVIDF
>AP00229,ATCDLLSGIGVQHSACALHCVFRGNRGGYCTGKGICVCRN
>AP02819,GLDFSQPFPSGEFAVCESCKLGRGKCRKECLENEKPDGNCRLNFLCCRQRI
>AP02530,SGEKKCWNRSGHCRKQCKDGEAVKDTCKNLRACCIPSNEDHRRVPATSPTPLSDSTPGIIDDILTVRFTTDYFEVSSKKDMVEESEAGRGTETSLPNVHHSS
>UniRef50_G4RK16,FTGLSTMADAVLIPERPASWDSVAKRVKEAYNERRWALVVVSEGIKEYGGPK
>UniRef50_Q9UNP9,MTAENFRCLCT
>UniRef50_P0A9I6,ETLIQTIESVRNVEGVLA
>UniRef50_Q8JGN5,ENCKCTPESMAKAGFVHCPTENEPDVACC
>UniRef50_A7TEW6,ASDDANDSPTIEYNIKQFKTRRKVTGDVEVENSSSKLRDVSIGDNV
>AP01401,GVLDILKGAAKDLAGHVATKVINKI
>AP01602,LVLKYCPKIGYCSNTCSKTQIWATSHGCKMYCCLPASWKWK
>AP01612,SASIVKTTIKASKKLCRGFTLTCGCHFTGKK
>UniRef50_P22346,AVIDLELPSMLTINGPVELELRLKLNDTKGFLSAQILDF
>UniRef50_Q9RWN9,IPVAAGHAAAHVTEEPFGKIDVLVA
>AP00269,LSCKRGTCHFGRCPSHLIKGSCSGG
>AP00019,GLFDIAKKVIGVIGSL
>AP01824,FLPKLFAKITKKNMAHIR
>AP01005,YVSCLFRGARCRVYSGRSCCFGYYCRRDFPGSIFGTCSRRNF
>UniRef50_A5DLN4,ETHAYSKTSSNTSIHESDDDDIWGDDEPTQTPAVKRIHTK
>UniRef50_Q95ZK7,QNPIQNVEMSFVDAPEKNGIVTTYLRITAREK
>UniRef50_Q8RDQ2,AAGEKNEFNISSEELKEHINHNNVEVMNEWKD
>UniRef50_Q0IHJ3,TFATALDSTRH
>AP01980,IFGAIWNGIKSLF
>UniRef50_O84030,DHDFVRFLKRWEILGGELGEQGTGGF
>UniRef50_Q2NEP8,RIKDAQLPKEVEEAALE
>UniRef50_Q8A2N9,IKEILKGNTQDISRMLVEKMQELANEMK
>UniRef50_Q9NRX4,IRVHSAPRSGAPAAESKEIVRGYKWAEYHADIYDKVSGDMQKQGCDCECLGGGRISHQSQDKKIHVYGYSMAYGPAQH
>UniRef50_Q10579,QIYVSGGFNGDMILASVEVYNPIGNVFSRTVDLPYPITGHCL
>UniRef50_A5PLK2,GRAIHGSVEAVKRLMDSGLMLRFCTNETQNTRERFVQKLRVMG
>UniRef50_P40048,VNKVQKRSHSQPIFTQYS
>AP01345,FFGTALKIAANVLPTAICKILKKC
>UniRef50_O15061,SADSFPDTKVTYVDRKELPGERKTKTEIVVESKLTEDVDVSDE
>AP02729,IWSFLIKAATKLLPSLFGGGKKDS
>AP01587,AQCGAQGGGATCPGGLCCSQWGWCGSTPKYCGAGCQSNCK
>AP02120,YVPKIPKPQPNKPNFPSFPGHGPFNPHASRFPRSPKDNGKIVFDAKKEGGKTQWNVETQQKVWGNKHGSIHVSAGAGKQPGGKPQGQVGIGGSFSWGK
>AP00510,ILQKAVLDCLKAAGSSLSKAAITAIYNKIT
>AP02217,FLSTLWNAAKSIF
>UniRef50_P49230,GLQQTGVVIGGKKYMIT
>AP02216,FLGALWNVAKSVF
>UniRef50_Q8FT24,EYDAVEVVVGLPRDLQGNGSASVKQAREIAFR
>AP00863,FLPIVGKLLSGLSGLL
>AP00767,VAGALGVQTAAATTIVNVILNAGTLVTVLGIIASIASGGAGTLMTIGWATFKATVQKLAKQSMARAIAY
>UniRef50_Q1GHT0,PNISGALVGRALFNKTITLEEAMETAQPNPEPV
>UniRef50_P53068,DESYAPSLVKVYAGHSPS
>AP02184,APAHRSSTFPKWVTKTERGRQPLRS
>UniRef50_P13266,PPVFGRIDRDNR
>UniRef50_Q14807,HTMLGSPEQPGVIPRALMDLLQLTREEGA
>UniRef50_Q9X1N1,GGKVIVAVDYGERKCGVA
>UniRef50_Q3IP73,VGENYDQIQGLVEESSSSD
>UniRef50_Q15398,QKYKEEKQLQKLKEQREKAKRGIFKVGRYRPDMPCFLLSNQNAVKAEPKKAIPSSVRITRSKAKDQMEQTKIDNESDV
>AP02409,AIFIFIRWLLKLGHHGRAPP
>UniRef50_Q1GK69,LGVGHPGHKDAVAGYVLRDFPKADQG
>UniRef50_Q9XYP8,FLQTILVGCFVSNKASVEHSLEVVYENIIELEKW
>UniRef50_A6Q573,EEEARKILQKQSGN
>AP02886,LLNQELLLNPTHQIYPV
>UniRef50_Q53G44,RFYGHRQYLECEVFRVEGIKDNLDDIKRIIKAREHRNRLLA
>AP02141,LLRHVVKILEKYL
>AP00973,LLGMIPLAISAISALSKL
>AP01634,INWKKIFEKVKNLV
>UniRef50_Q6F9N7,QEQDLTPELKKWLYASGSLTQQLTDLADGLFT
>UniRef50_P0CS10,ERRRQRTAQLAEGYAAGTL
>UniRef50_P9WF36,PDDEAKTLCRACPRRWLCARDAVESAGAEGLWAGVVIPESGRARAFALGQLRSLAERN
>UniRef50_Q4PEZ0,SDVIREISRKVSKIQDFGLNDYEVRDLNDEINKLLREKGHWENQIVALGGANYKRGVPSMLGD
>AP00809,GIKCRFCCGCCTPGICGVCCRF
>UniRef50_Q9R9H8,QANEVMFNLLDSHDTKR
>AP01246,FLPKTLRKFFCRIRGGRCAVLNCLGKEEQIGRCSNSGRKCCRKKK
>UniRef50_B9DTV0,MFEKQKRVGLVVYLYYNRDARKVHKYGDVYYHSKKGRYLVMYVNQNDLEEKMKELQKLKFVKEAVASAFDEIDHQFVGNLHR
>AP01476,ACDTATCVTHRLAGLLSRSGGVVKNNFVPTNVGSKAF
>UniRef50_P23643,ACAHEETLMVSKLNSYELINLKSS
>AP01475,ECWMDGHCRLLCKDGEDSIIRCRNRKRCC
>UniRef50_F4KFT7,LLRSPHTTAPIRSLWFRTKSPV
>AP01963,ACQCPDAISGWTHTDYQCHGLENKMYRHVYAICMNGTQVYCRTEWGSSC
>UniRef50_Q8X7U4,VELISDLIREVGEARQVDMAARLGVSQPTVAKMLKRLATMG
>AP02084,VGSEVSDKRTCVSLTTQRLPVSRIKTYTITEGSLRAVIFITKRGLKVCADPQATWVRDVVRSMDRKSNTRNNMIQTKPTGTQQSTNTAVTLTG
>AP00612,AAEFPDFYDSEEQMGPHQEAEDEKDRADQRVLTEEEKKELENLAAMDLELQKIAEKFSQR
>AP01259,ILPILGNLLNSLL
>UniRef50_A9GP79,SDPPAALREPPPPARRAGKAGSGELVFTRV
>AP01674,GICRCLCRRGVCRCICVL
>UniRef50_P85120,TSANMVSHLSSEDKKHLAVELAESKAKLR
>AP01266,AVDLAKIANKVLSSLF
>AP01542,AVLDFIKAAGKGLVTNIMEKVG
>AP00418,GLRKRLRKFRNKIKEKLKKIGQKIQGFVPKLAPRTDY
>UniRef50_B0R5M0,EESFTAAADDAIDRAEDTLDNVVWAEVVDQGVEIGAVEERTYQTEVQVAF
>UniRef50_B8A9B2,DRRRSSIHDITSVT
>AP01746,FLGGILNTITGLL
>AP01625,LQDAALGWGRRCPQCPRCPSCPSCPRCPRCPRCKCNPK
>AP02564,LIAGLAANFLPKLFCKITK
>UniRef50_O74989,TYDTVFKGFSVSLPENAVDALSAHP
>AP02398,YPYNSTSNVKRIPVSVHFTASQCREIASRGASISEWTTWTSLIAGFGKGTAFLGALTALYGYGVSKNLSVFLTAANRGTGLTISYTYVIPPYTNIGSFENTRISYY
>UniRef50_Q3Z9F0,GQVIAVELDDKLVTA
>UniRef50_Q6PGH2,SKSDLKAATDSTPRGEQSDK
>AP02481,GIGKFLHSAGKFGKAFIGEIMKS
>AP01449,FLGAIAAALPHVINAVTNAL
>AP02071,EEPQRELPSARIRCPKGSKAYGSHCYALFLSPKSWTDADLACQKRPSGNLVSVLSGAEGSFVSSLVKSIGNSYSYVWIGLHDPTQGTEPNGEGWEWSSSDVMNYFAWERNPSTISSPGHCASLSRSTAFLRWKDYNCNVRLPYVCKFTD
>UniRef50_Q9LU93,TAAAKDIITLHGSAAIVSEFFCY
>AP00696,GLFDIIKNIVSTL
>AP00326,GVGSFIHKVVSAIKNVA
>UniRef50_O74821,AVPIKLSNKNGQSASKNKILDFLKSDKENLISGDDDQEL
>UniRef50_Q91690,QHYMNYQGQGSQL
>AP02374,GLVGTLLGHIGKAILG
>UniRef50_P02247,PHKKMHKDFLEKI
>AP00709,GFGCPNDYPCHRHCKSIPGRAGGYCGGAHRLRCTCYR
>UniRef50_Q8WUF5,PDSHGWTPLHCAASCNDTVIC
>UniRef50_Q8IZW8,TEPQENVCHLFAEYDMVQPASQVIGLVTAL
>AP02549,GVWDWLKKTAKNVWNSDIVKQLKGKAINAAKNYVAEKIGATPS
>AP00281,GLLRKGGEKIGEKLKKIGQKIKNFFQKLVPQPEQ
>UniRef50_Q9C9Y6,LITTKESWDDKLAEADRDGKIVVANFSATWCGPCKIV
>UniRef50_O60271,VVYQEEPGGSGAVMSERVSG
>AP00509,VAIALKAAHYHTHKE
>AP01348,SLSRFLSFLKIVYPPAF
>UniRef50_D2YW48,PISNPVARAHVR
>UniRef50_Q9ZVC2,GAGTGQMGPGRDQGDDHNSQREGMSRHHH
>AP01513,GKNPTLQCMGNRGFCRPSCKKGEQAYFYCRTYQICCLQSHVRISLTGVEDNTNWSYEKHWPRIP
>AP00817,FLPLLASLFSRLL
>UniRef50_Q04949,FLARYMDFIPTIDKIREDRKTT
>UniRef50_P59046,HTLLVQLPERTVLLDAYSEHLAAALCTNPN
>AP00731,SFGLCRLRRGFCARGRCRFPSIPIGRCSRFVQCCRRVW
>UniRef50_Q2SDQ4,HGAEALLTTPSAGKIYRTDAAGHRQCQTVRLNCADAQSLEWLPQENIIYDGAEGAQTLLLETS
>AP02164,ASSGWVCTLTIECGTVICACR
>AP02070,GEVAKKDAPSSRSSCPKGSRAYGSYCYALFSVSKNWYDADMACQKRPSGHLVSVLSGAEASFLSSMIKSSGNSGQYVWIGLHDPTLGYEPNRGGWEWSNADVMNYINWETNPSSSSGNHCGTLSRASGFLKWRENYCNLELPYVCKFKA
>UniRef50_P09467,SLCTAVKAISSAVRKAGIAHLYGIAGSTNVTGDQVKKLDVLSNDLVMNMLKSSFATCVLVSEEDKHAIIVEPEKRGKYVVCFDPLDGSSNIDCLVSVGTIFGIYRKKSTDEPSE
>AP00161,GLWSKIKTAGKSVAKAAAKAAVKAVTNAV
>AP00197,QLKKCWNNYVQGHCRKICRVNEVPEALCENGRYCCLNIKELEAC
>UniRef50_Q5KBP2,DKNPGLRTIVNKLDTIHAQFRYFDMEVIA
>AP00397,SGFVLKGYTKTSQ
>AP02878,VLSAADKNNVKGIFTKIAGHAEEYGAETLERMFTTYPPTKTY
>UniRef50_Q8UEY3,THVIVGHSERRTDHAETDHLVRAKASAAHQVDLIAIVCIGETADERKAGQTLDILKRQLAGSLPDEATAENTVIAYEPVWAIGTGLTPTTQDVREAHAFMRDELVKRFGDAGKTMRILYGGSVK
>UniRef50_P80193,LPVYDHGAVMQDDDT
>AP01467,VNWKKILGKIIKVVK
>UniRef50_O25773,ATNGSALAFLSLVANSL
>UniRef50_B1A193,RTLSKTSTGPTQDKQRRVVRKAFRKLAKINR
>UniRef50_Q55CL6,ELKTLHKTSYPYIVSFYDAFYTEGSIFIALE
>UniRef50_P50528,SFQRNLDFVASASGVGFGNSAG
>UniRef50_Q9P6J4,AEFNIYVDPHAAQMVLSSGIPIVMMPLDI
>AP01922,GMWSKILGHLIR
>UniRef50_Q8GW43,GNQEKALKASRYLLKSGFHVMAIRPPT
>UniRef50_Q057N0,KHRKSAQDIKKSKIFTKITRKITISCLKNGTDVNK
>AP00285,GLLCYCRKGHCKRGERVRGTCGIRFLYCCPRR
>AP01882,GILGNIVGMGKKIVCGLSGLC
>UniRef50_Q9USY8,NAKAVNLWNVAFA
>UniRef50_Q5S003,PPPWNSTKRLAT
>UniRef50_C8V3W6,ISQLREDDARAALSRSLELWKDLPPEDPHVPDFPTRISLSRLLMEVSMLLEALEVLERLILED
>UniRef50_P0CQ01,DATPQPQSNQRFGNLAFRTYNK
>AP01786,GKLQAFLAKMKEIAAQTL
>AP00536,SVRTQDNAVNRQIFGSNGPYRDFQLSDCYLPLETNPYCNEWQFAYHWNNALMDCERAIYHGCNRTRNNFITLTACKNQAGPICNRRRH
>UniRef50_P0DJ19,YVNLNHIMPTRYSVKELCDFKEL
>AP01957,GTGLPMSERRKIMLMMR
>AP02655,KGSSSSSSSSRSSSSSYRSSGSSYRSPGSSYRSSGSYGTSGSRLSGIRPSSRSYRTGFRTAGSVGPATRPFTRPTGPLKPISRPPSRAACYSCYSASSATAIQCCTHYSLCCNLVKG
>UniRef50_Q06709,KITITECIYCGKDNKEVERNVKHMFSEHGLFIPERSYLIDLNGLLEFL
>UniRef50_Q9PNQ6,CDECLSLRILVNEYNFSRSERRVVNKNINTKVILRTPNLSNEHLFLYDKYHRFMEEKKNW
>AP02095,SGKSFKAGVCPPKKSAQCLRYKKPECQSDWQCPGKKRCCPDTCGIKCLDPVDTPNPTRRKPGKCPVTYGQCLMLNPPNFCEMDGQCKRDLKCCMGMCGKSCVSPVKA
>UniRef50_A6TB83,APRFPALWQRFCHFYRQDPLARRRENGLQD
>UniRef50_Q7NBX3,FELYDKLVVSGLEAEKIINDNAMKEFHELAILDLDAAKEQIPDLEEKLKVLLLPAD
>UniRef50_P00374,SQNMGIGKNGDLPWP
>AP02656,GFGCPFNQGACHRHCRSIGRRGGYCAGLFKQTCTCYSR
>AP00253,GLWQKIKDKASELVSGIVEGVK
>UniRef50_Q8N4J0,EDIKNVVLQYGFKVE
>AP02389,GKGLEVIKWKLKHVIQL
>AP01316,NPANPLNLKKHHGVFCDVCKALVEGGEKVGDDDLDAWLDVNIGTLCWTMLLPLHHECEEELKKVKKELKKDIENKDSPDKACKDVDLC
>UniRef50_C7GRQ3,RSDNSPLPERKLVTLIQESYDSLKDDNEINLSTESTSNLLIK
>AP00840,KGIGSALKKGGKIIKGGLGALGAIGTGQQVYEHVQNRQ
>AP00116,GFLDIINKLGKTFAGHMLDKIKCTIGTCPPSP
>UniRef50_B0SPB4,TEVLMGRELTKAFEEVVYYANPRELANNPPNAKGEFVFLLNHRK
>UniRef50_Q1LU78,IIKPNAIKNNALGTIIHRFISANFNIIG
>AP01187,MNFLKNGIAKWMTGAELQAYKKKYGCLPWEKISC
>UniRef50_Q2M329,HLGMLEELKKQQADDLQWY
>AP01614,WRSLGRTLLRLSHALKPLARRSGW
>UniRef50_Q9H425,PTRKEEEASFWKINAERSRGEGPEAEFQSLTPSQIKSMEKGEKVLPPCYRQEPAP
>AP01147,DTVACRIQGNFCRAGACPPTFTISGQCHGGLLNCCAKIPAQ
>UniRef50_Q117Z6,LLRALASKTPQIKKYIKYALNCVR
>AP01530,GSCSCSGTISPYGLRTCRATKTKPSHPTTKETHPQTLPT
>AP00697,GLFDIIKNIFSGL
>AP01586,KSCCRSTTARNIYNGCRVPGTARPVCAKKSGCKIQEAKKCEPPYD
>UniRef50_Q6LA56,HATDTETHTFT
>AP02247,MAGFLKVVQLLAKYGSKAVQWAWANKGKILDWLNAGQAIDWVVSKIKQILGIK
>AP00702,GLLGSIGNAIGAFIANKLKPK
>AP02533,SDKPDVKEVESFDKSKLKKVETQEKNPLPTKETIEQEKKG
>UniRef50_Q9NQB0-12,PADVDPKTGIPRPPHPPDISPYYPLSPGTVGQIPHPLGWLVPQQGQPVYPIT
>UniRef50_P86230,CLFHREKAIAQLASDRTRRPNI
>UniRef50_O43029,NTSVIIVGAGVFGLSAAL
>UniRef50_Q4FUZ9,KQLGMQGAALSRPRLAWVREVQLYGNDE
>AP02215,FLSTIWNGIKSLL
>UniRef50_O14185,QQREFREGVNSLQYGSFDMPTQGTEKIAFSRR
>AP00849,TSYGNGVHCNKSKCWIDVSELETYKAGTVSNPKDILW
>AP00405,FISAIASMLGKFL
>UniRef50_Q5XAW2,AENFSKKDMIITIGGGVVGDLGGFVAATYYRGIPYIQIPTT
>UniRef50_Q8IZY5,SSIYPEAKARLPLEALLGSNKEPMLPKETVLSLKRYNLGSS
>AP01815,DFGCARGMIFVCMRRCARMYPGSTGYCQGFRCMCDTMIPIRRPPFIMG
>UniRef50_Q14139,PGNHLINMTSSTTLNLSADRDAGE
>UniRef50_O17581,EISDEMKAICNLQLGK
>AP02306,PPCRGIFCRRVGSSSAIARPGKTLSTFITV
>UniRef50_P25298,EINSLTARKFIG
>UniRef50_O67753,HEEFLKEEFPKLKALGISVKQSFSEKVRGKIPKIKFL
>AP00257,GLWQKIKSAAGDLASGIVEGIKS
>AP02146,QGWEAVAAAVASKIVGLWRNEKTELLGHECKFTVKPYLKRFQVYYKGRMWCPGWTAIRGEASTRSQSGVAGKTAKDFVRKAFQKGLISQQEANQWLSS
>AP02041,KSCCKSTLGRNCYNLCRARGAQKLCANVCRCKLTSGLSCPKDFPK
>UniRef50_Q6PUR7,FTKETDFSEITTDSSVLPEDLSVPMYPYTG
>AP01309,GLFGKSSVVGRKYYVDLAGCAKA
>AP01607,ADRGWIKTLTKDCPNVISSICAGTIITACKNCA
>UniRef50_P20485,SSERKNGSACWQKINQWLRTIEKVDQWVGDPKNIENSLLCENWSKFMDIVDRYHKWLISQEQGIEQVNKNLIFCHNDAQYGNLLFTAPVMNTP
>AP00916,AGCIKNGGRCNASAGPPYCCSSYCFQIAGQSYGVCKNR
>UniRef50_A8IRK7,FMVPDFVVATRNSRIVSVQSASFEEYDADRRR
>AP00342,AKCIKNGKGCREDQGPPFCCSGFCYRQVGWARGYCKNR
>UniRef50_Q9WTZ9,GGGEGHQPAANNNNNNHNHNHNH
>AP01364,ATCDLLSAFGVGHAACAAHCIGHGYRGGYCNSKAVCTCRR
>AP01263,FLPLVTMLLGKLF
>UniRef50_Q9BKZ9,PQQPVIEEHAFKQT
>AP00234,SDEKASPDKHHRFSLSRYAKLANRLANPKLLETFLSKWIGDRGNRSV
>UniRef50_Q8K9Q3,KMHAFTEVRNINTYDEIWFLEHYPIFTQG
>UniRef50_O77460,QSPASGSISTTNITNRNS
>AP00002,YVPLPNVPQPGRRPFPTFPGQGPFNPKIKWPQGY
>UniRef50_P54471,TVAEYIPNGAVMADIGSDHAYLPCYAVLNH
>UniRef50_Q6KH82,QIDGFLFSISDTAGLREVQNNIENLGIQKTFETIEKSDI
>UniRef50_Q9K7R6,MEGFLGLEVLLTENTKDFDEVTVVTRWNTKDDFKNWT
>AP00362,VDKPDYRPRPRPPNM
>AP02459,FLPLLVGAISSILPKIF
>UniRef50_Q8N2Y8,LRVSQDLLLSAHSTLQLARARGQEGPGDVDRAAQGERVKGVGASEGGEEEEEEEETEEVAEAAGGSGRARWARGGQAG
>UniRef50_Q9Z4Q7,VTKELKDMTVALVTAAGVHMKA
>UniRef50_Q3INV7,EITEPSHVYEMDGERDGETVRIQDHIWERMAEGTIPDPPGTDRRAVVEGRVSVSPLTA
>AP02546,KDGYLVGNDGCKYSCFTRPGTYCANECSRVKGKDGYCYAWMACYCYSMPNWVKTWNRATNRCGR
>UniRef50_Q9VYA8,DELKTRAPNWGEGLSSLNVHIEEHAYGSRTHSVVLVD
>AP01894,FLPLLAGVVANFLPQIICKIARKC
>UniRef50_Q0K845,PSPKGQDTCALLLSFIHAEFARAGL
>AP00152,VRRFPWWWPFLRR
>UniRef50_P08153,HLKPPSQQARHREGV
>UniRef50_B1AJ32,LIDNELEYYFQLNSSREKKRYLASVFACKEAVMKA
>UniRef50_A4Q9F3,KQMGSSVKERLRPELSQLDQDADD
>AP02268,GLLDSVKEGLKKVAGQLLDTLKCKISGCTPA
>UniRef50_Q12988,LLDVVQFLPEDIIIQTF
>UniRef50_Q9H987,TKCRTIASLLTAAPNPHSKGVLMFKKRRQRAKKY
>AP00401,GFTQGVRNSQSCRRNKGICVPIRCPGSMRQIGTCLGAQVKCCRRK
>AP02594,EWKLPDLIINHITLTRRNCNKYRCG
>UniRef50_Q2LKU9,LELCYRSPGESQLFSEIDIGHMDSEIKLQIKDKRH
>UniRef50_Q54FM4,NNLFEVGSYIECKSIGNGNVFEPKCKILKNTIIKDQCSIGAGCIVSEDKICENNTIIAQTQNSQIQTTSTLPYDH
>AP00090,FLPLLAGLAANFLPTIICKISYKC
>UniRef50_Q4JBG0,RKINYQIRLATLSDIDQIIRINRSALPENY
>AP00272,DQYKCLQHGGFCLRSSCPSNTKLQGTCKPDKPNCCKS
>AP00014,GLLDIVKKVVGAFGSL
>AP01990,AIPCGESCVWIPCISTVIGCSCSNKVCYR
>UniRef50_Q7RTR2,WRSRTGPQDAELWPPRTLCEL
>UniRef50_Q9PE42,VGEQLIAAYAH
>AP02356,FLFSLIPHAIGGLISAFK
>UniRef50_Q9FVX0,NELLEMESSVLNYLKFELTTPTAKCFLRRFLRAAQGRKEVPSLLSEC
>AP00350,PWNIFKEIERAVARTRDAVISAGPAVRTVAAATSVAS
>AP01597,SVSCLRNKGVCMPGKCAPKMKQIGTCGMPQVKCCKRK
>AP00652,GIMDTVKNVAKNLAGQLLDKLKCKITAC
>AP00091,GLLNTFKDWAISIAKGAGKGVLTTLSCKLDKSC
>AP02162,KIKIPWGKVKDFLVGGMKAV
>AP01997,TPGGIDFISGGPHVAQDVLNAIKNFFK
>UniRef50_Q43963,IIRRLPDAMSDEQSHIQDSFVDGLLDCP
>UniRef50_O43516,TLNKTEQAGRNALLSDISKGKKLKKTVTNDRSAPILDKPKGAGAGGGGGGFGGG
>UniRef50_Q8X071,LFETDNAADVKDLIRAPGFGGASVTI
>AP02442,QVLEGLAAAVTGKLAGLWRNGEVELLGHYCSYSVTPTIRRWQLYFRGRMWCPGWTSIRGEAMTRSNSGVQGDTTRDFVTKALNAGLISQQEAQAWLDG
>UniRef50_Q54YY1,TFNNISLLAQNSLEIISKLLFECVDLHPSFSFFLLDDFLRSF
>UniRef50_Q9UUA7,FDLYCDQPWAFSPFFATMTKMQVSDALLPMEYFEDHSSRRSQMQQQVIRQESSIDPNKYILADFCNPFFNPSTLS
>UniRef50_Q9US43,TAVILDPVMATGGTANAVITTLQEWGCKNIIFVSVL
>UniRef50_P21375,DQVQVHPTGFIDPNDRENNW
>UniRef50_O31601,ILMFAEFDSFIFVDY
>UniRef50_P0DM85,IQQLQQRLRDCDIKHLTDVLEIDKDMRALMQ
>AP02090,AQVGTNKELCCLVYTSWQIPQKFIVDYSETSPQCPKPGVILLTKRGRQICADPNKKWVQKYISDLKLNA
>AP00823,SILPTIVSFLSKVF
>UniRef50_C4K4P3,TWQEIPDLPAEMGDRVTF
>UniRef50_E7F7X0,LLKANNTLLKMGYHFELPGP
>UniRef50_Q118E6,IVNLNNGQRWLTYVLPGQAGSGMVCPN
>UniRef50_P94433,AHSVQLITVNQDIEQLCCAHCAFLRY
>AP00854,ATYYGNGLYCNKQKCWVDWNKASREIGKIIVNGWVQHGPWAPR
>AP00669,EPHPNEFVGLM
>AP00424,GFLGPLLKLAAKGVAKVIPHLIPSRQQ
>AP02498,GWLKKIGKKIERVGQHTRDATIQTIGVAQQAANVAATLKG
>UniRef50_Q38931,LLDGTKFDSSRDRATPFKFTLGQGQVIKGWDIGIK
>UniRef50_A5FEB8,SGIELFAINTYIEEYSFGNQFNHKSRSERK
>UniRef50_Q9USM4,RLKTYRKELYDEVISMNEIPSQASTTHQKLQVC
>UniRef50_Q8UGA9,GKARSLKKRVGNYA
>AP00756,ALWKDILKNAGKAALNEINQLVNQ
>UniRef50_O74965,LTQTEVDKSNKNYYGETNLYLLGITGQFDCRVDLDREGPIHDVCWNADSKEFGIVYGYMPAKTAIFDNRANVVSIIPPAPRNTLIFSPNSRYILLAGFGNLQGSIDIFDAANNMKKITTVE
>AP02172,FFGSLLSLGSKLLPSVFKLFQRKKE
>AP01350,FLSLLPSIVSGAVSLAKKL
>AP02081,FPMFKRGRCLCIGPGVKAVKVADIEKASIMYPSNNCDKIEVIITLKENKGQRCLNPKSKQARLIIKKVERKNF
>UniRef50_O14170,RVWDLSTGTCKYVLEGHDAFVTLLNVFQNRLI
>AP01715,PSCVCSGFETSGIHFC
>AP00727,RWCVYAYVRVRGVLVRYRRCW
>UniRef50_Q9S745,NILNTTATQNTEEHQRYGHYVFTLSHMFLKSRSF
>UniRef50_P38986,INEDILYKIYKGVSESLQAFDGIVITHGTDT
>AP01414,FLPIIAGIAAKFLPKIFCTISKKC
>UniRef50_Q14749,HGCQRVLDVACGTGVDSIML
>UniRef50_P32586,FPISPAISCASSCPS
>UniRef50_Q2FYR1,KKIAELDKQIDHD
>AP00409,ATTGCSCPQCIIFDPICASSYKNGRRGFSSGCHMRCYNRCHGTDYFQISKGSKCI
>UniRef50_O74561,FHDRGPETLKCLYDESEDNNNF
>AP02279,FMGTALKIAANVLPAAFCKIFKKC
>AP01901,GLASFLGKALKAGLKIGSHLLGGAPQQ
>AP02317,ITIPPIVKNTLKKFIKGAVSALMS
>AP02303,SLWENFKNAGKQFILNILDKIRCRVAGGCRT
>UniRef50_P09938,LFGERLVAFASI
>UniRef50_Q94587,PVTITSLNDFKKALKKYTVNLMAKLNESNQSRVAVLKSKLP
>AP00490,AALKGCWTKSIPPKPCSGKR
>UniRef50_O14192,TATQSASGISQGILYAMFKHWGQDGYLEWLKHIRYSYTLR
>UniRef50_Q89AP1,RASPSILDTILID
>AP02493,GMASKAGSVLGKLAKVAIGAL
>UniRef50_O05974,RIAQVLAGYTLGAADLLRRAMGKKIKKEMEEQEEIFVKG
>AP01791,FLWGLIPGAISAVTSLIKK
>UniRef50_Q49112,ILLFKSSKEVPSEIKNNSSIKTICLDEFDTKEFEEEFV
>AP00766,IYWIADQFGIHLATGTARKLLDAMASGASLGTAFAAILGVTLPAWALAAAGALGATAA
>UniRef50_Q5B0Y2,LQRASSCSKGSRDIEEFV
>AP00861,FLPLAVSLAANFLPKLFCKITKKC
>UniRef50_Q82EB1,REATQLALERDGFAVTAMPDGLSGLEA
>AP00704,GLLGSIGKVLGGYLAEKLKPK
>AP00120,GLLDTIKGVAKTVAASMLDKLKCKISGC
>UniRef50_P35415,IDLQKVIKKQSLQLTELQAHYEDVQRQLQATLDQYAV
>AP00555,KGRGKQGGKVRAKAKTRSS
>UniRef50_Q9Y7Q7,SSNFSKRPYVL
>AP01461,ILGKLLSTAAGLLSNL
>AP00136,FLPLILRKIVTAL
>UniRef50_Q76I90,MERFLPVCRVNDFQMSDVINPKAKRTARFLSGILNFVHFRECRREAYLELQLNYKSA
>AP00788,AGWGSIFKHIFKAGKFIHGAIQAHND
>UniRef50_P36162,EQSNETGLEAQENDKNDEDNDEDEDL
>AP00097,VLPIIGNLLNSLL
>AP01572,WNPFKKIANRNCYPKTTCETAGGKKTCKDFSCCQIVLFGKKTRAKCTVVTS
>UniRef50_Q12180,NVALLNAMYYYHKLSTICSGTRTLQALLLLNRYFQ
>UniRef50_Q8N1E6,RLLNLSFCGGISDAGLLHLSHMGSLRSLNLRSCDNISDTG
>UniRef50_Q2J827,VIDTAGHEPDEVTDLLAAALGPLLA
>AP02255,GQALNKLMPKIVSAIIYMVGQPNAGVTFLGHQCLVESTRQPDGFYTAKMSCASWTHDNPIVGEGRSRVELEALKGSITNFVQTASNYKKFTIDEVEDWIASY
>AP00196,WYVKKCLNDVGICKKKCKPEEMHVKNGWAMCGKGRDCCVPAD
>UniRef50_O32235,YMVNNDYSLNQLALEIGVSPATLSRVLNGERRPGQLVIGK
>UniRef50_Q8ZKU8,FEDAALIPSGQKAAFLKATDTLLSAVTECWRTDFATLRLHGDCHAGNILWRDGPLFVDLDDARNGPAIQDLWMLLNGDKAEQRMQLET
>UniRef50_B0S4Q5,IKAKSQYQPPEEKVVHETS
>AP01793,GWINEEKIQKKIDEKIGNNILGGMAKAVVHKLAKGEFQCVANIDTMGNCETHCQKTSGEKGFCHGTKCKCGKPLSY
>UniRef50_P53256,RPAKGVATTREKVLEDKLRAVLTPL
>UniRef50_F4IVU1,VYHPSEPFYVFKQPEKITAVFPMNFKDNSDVVIA
>AP00400,YPPKPESPGEDASPEEMNKYLTALRHYINLVTRQRY
>AP02516,YSLKKTSMKIIPFTRL
>UniRef50_O74793,KNIVHGGFITTMLDEALAF
>AP02218,IFKAIWSGIKSLF
>UniRef50_Q726S7,QHATLLDNILKKYKKLEDAYDFVLCEGTDFLGKDAAFEFEL
>UniRef50_A8QBB1,PHLNKKSNVWNIKVMDD
>AP01400,RPKHPIKHQGLPQEVLNENLLRF
>UniRef50_P25693,LKNFSAQEKDIVNKTSISHSRSSSN
>AP02005,GLMSSIGKALGGLIVDVLKPKTPAS
>AP01268,FLPVILPVIGKLLSGIL
>UniRef50_C5GFG2,TSNHNTTKSISIYNLEVWGIIPSQSLATQSDGTGSPIEKQDAI
>UniRef50_P74739,LIDCQLTVTTICP
>AP02309,LKLSPKTKDTLKKVLKGAIKGAIAIASMA
>AP02332,CETPSKHFNGLCIRSSNCASVCHGEHFTDGRCQGVRRRCMCLKPC
>AP02449,GVSKILHSAGKFGKAFLGEIMKS
>AP02690,FFVLKFLLKWAGKVGLEHLACKFKNWC
>AP00193,DTHFPICIFCCGCCHRSKCGMCCKT
>UniRef50_Q4I963,WSPDDAGIQPKMIYASSK
>AP00222,VTCYCRRTRCGFRERLSGACGYRGRIYRLCCR
>UniRef50_P42845,NTASTSNDAVRFSHIKPSASSP
>UniRef50_Q88YC0,GSVAVNKNFGMLSFMLIDFGAARRL
>UniRef50_Q6MH10,THTGYFTRNSALKTKVEKAAAESGEWVWNMPLTDFHVKDMKGTYA
>AP01964,IKLSPETKDNLKKVLKGAIKGAIAVAKMV
>UniRef50_Q09315,GNIIEYFLQQKLGA
>AP02798,KKSCHTGLDRSAGWVIPIGTLVKKAILPWDRK
>UniRef50_Q1MA75,EIARGLVSYDADDARRIAGRKSAEIETILGYPGRAA
>AP01635,INWLKLGKKILGAL
>UniRef50_Q96JB5,RKEEECQAGAAE
>AP01951,FLPLVLGALSGILPKIL
>UniRef50_Q8RWE8,GEVSPEVLETQVNPAVWEISGHMVLKRKEDYEGASEDNAWRLLAEASL
>UniRef50_P27695,TSPSGKPATLKICSWNVDGLRAWIKKKGLDWVKEEAPDILCLQETKCSENKL
>UniRef50_Q9W032,YIFPKIPDNVQ
>UniRef50_Q975G9,LVKLGDTMVLA
>AP02678,SSSLLNTAWRKFG
>UniRef50_Q9USU1,NCFTYWIINCILEKKNTKARTAVISFFIQ
>AP00757,FLSLIPHAINAVSTLVHHF
>AP02237,FFRLLFHGVHHGGGYLNAA
>AP00282,SIPCGESCVFIPCTVTALLGCSCKSKVCYKN
>UniRef50_Q05AL2,LGSDFTHLEFPRRVTKREIGKRMLYRDFTMNGWAYKTVQEEDLKFPLIYG
>UniRef50_Q969H0,YWRILAEDNLLWREKCKEEGIDE
>UniRef50_B8C4D7,NLGGAKTKVKLSLDDDDDDQLIDE
>AP00201,INLKALAALAKKIL
>AP01627,LQDAALGWGRRCPRCPRCPRCSWCPRCPTCPRCNCNPK
>UniRef50_Q8KGG6,VRPEAPGQKASAERERLEIARPRFES
>AP01768,QLGELIQQGGQKIVEKIQKIGQRIRDFFSNLRPRQEA
>AP02434,TVKCGMNGKMPCKHGAFYTDTCDKNVFYRCVWGRPVKKHCGRGLVWNPRGFCDYA
>UniRef50_P15442,TLGDKADEFKRWDENSSAGSSQEGDIDDVVAGSTNNQKVIYV
>AP02415,GLFDSITQGLKDTAVKLLDKIKCKLSACPPA
>UniRef50_Q09868,FHSEAASLRRKRSNFFPKLDELNGAQDEEMRGLNIPGGSGYLENRYGRDKFTFSDAAVNSAGMGGSGIFSHNNADDGLGDGSSTVLP
>AP02391,FSLFFPYAALKWLRKLLKK
>UniRef50_A7HVT8,ADGRVNLPDNLRELAGLTDEVVFVGAGPR
>AP00594,EGTWQHGYGVSSAYSNYHHGSKTHSATVVNNNTGRQGKDTQRAGVWAKATVGRNLTEKASFYYNFW
>UniRef50_Q55EL2,LILLKEKDYNDNNDKKEYF
>AP00640,GLLGLLGSVVSHVVPAIVGHF
>UniRef50_P58315,ANCSVEEAVSLGASAVGYTIYPGSGFE
>UniRef50_Q6QZQ4,AAERTMRAQAERLACQDQQLRA
>UniRef50_B5ZBV6,HGANAEDVFINVPLGTVVYDAITNEILADINIDQQKYLVAQGGLGGHGNTHFKSAF
>UniRef50_Q72R21,SLGSFAILSSILYAKELG
>UniRef50_Q54KF1,NNNIINNNNSQSNLQSLLHPQYYLSNSSSSSSSS
>AP02402,IGGALGNALNGLGTWANMMNGGGFVNQWQVYANKGKINQYRPY
>UniRef50_Q90YJ2,LEDFLLNLGRKHQAVGVNTQSFALVGESLLYM
>AP02753,QDKGNADTRFLGGLGVPGGGVPGVGGGFLPGVPGHGGVVPGGGGNYCRTRYGYVCCKPGRCPQIRETCPGLRKGIPICRQDNECFGSDKCCFDTCLNDTVCKPIVAGFSGLLPGGQFEC
>UniRef50_O94258,EELRCAACETMTEIVNKKMKPLE
>UniRef50_P04181,KYKAKIVFAAGNFWGRTLSAISSSTDPTSYDGFGPFMPGFDIIPYNDLPALE
>UniRef50_Q9Z5U2,PLVTGQESAPKHPKSALQEWAAAHNRRPPVYEIVSRTGPQHNPCFTIQVSIAG
>AP00117,FLPFIARLAAKVFPSIICSVTKKC
>AP01532,ATCDLLSGTGVKHSACAAHCLLRGNRGGYCNGRAICVCRN
>UniRef50_Q6AL12,DGTLLHIAELATKY
>UniRef50_Q80X56,TKLIESMEKGMKTIVPRQLIAKKLSLGRFKGPIQYIIWKEMQAILSPGPSQLTLDPKTAH
>AP00009,RFRPPIRRPPIRPPFYPPFRPPIRPPIFPPIRPPFRPPLGPFP
>UniRef50_A2CEH0,VRLWDTSSHQCINIFTDYGGSATFVDFNSSGTCIASSGAD
>AP02320,KTYYGTNGVHCTKNSLWGKVRLKNMKYDQNTTYMGRLQDILLGWATGAFGKTFH
>AP00783,RWGKWFKKATHVGKHVGKAALTAYL
>UniRef50_P35510,SEKNAVTSIFHKIGAFEEELKAVL
>AP01303,VIPFVASVAAEMMQHVYCAASKKC
>AP00449,SYSMEHFRWGKPV
>UniRef50_P87244,SLSFGNLEQTSVNNDSEEFETLLAKMNMT
>AP00497,ILGPVLGLVSDTLDDVLGIL
>AP02610,FLPGLECVSGLKIVPTVFCAITRIC
>UniRef50_A0LI59,MESAVLEKECERILKLIGGKSNQLIVWDR
>UniRef50_Q6MAG9,TLSGPHKDDLFVAIGGRDIRYFASE
>UniRef50_Q5K131,IIYLFSQNNRIRFSKLLLKILFYISIFSYPELM
>AP02584,LTANLGISSYAAKKVIDIINTGSAVATIIALVTAVVGGGLITAGIVATAKSLIKKYGAKYAAAW
>UniRef50_Q1RM35,QRKMEESEPTATTACKSKALPAVRAPLRGSVVAKQSS
>AP02629,KRFWQLVPLAIKIYRAWKRR
>UniRef50_E7RAM2,DASSDYSFLRVKPHVEDFFQTLSDYTLNF
>UniRef50_P61086,QRIKREFKEVLKSEETSKNQIKVDLVDENFTELRGEIAGPPDTPYEGGRYQLEIKIPETYPFNPPKVRFITKIWHPNISSVTGAICLDILKDQWAAAMTLRTVLLSLQALLAAAEPDDPQDAVVANQYKQNPEMFKQTARLWAHVYAGAPVSSPEYTK
>AP01416,FLPIIAGAAAKVVQKIFCAISKKC
>AP02436,GTDSGRFCSSICGQRCSKAGMKDRCMKFCGICCGKCKCVPSGTYGNKHECPCYRDMKNSKGKPKCP
>AP02787,RNGCIVDPRCPYQQCRRPLYCRRR
>AP00073,FLPLLAGLAANFLPKIFCKITRKC
>AP00391,FIGTALGIASAIPAIVKLFK
>AP01961,FLPLIASLAANFVPKIFCKITKKC
>UniRef50_B4F103,LFLRQSVQNPASSFTFN
>UniRef50_Q75CK5,PRQPSKGLFSDPVSTSTVGLT
>UniRef50_P0C348,AREHHRFGGADHPRADQYRGG
>AP02456,KKCKFFCKVKKKIKSIGFQIPIVSIPFK
>AP02714,GFLDVIKHVGKAALGVVTHLINQ
>UniRef50_P57357,DMGINYVVITSVVRDDLY
>UniRef50_P45349,KNHSLAEKDIWEAEDFIDETWVTYPVPDDMLDL
>AP01273,GLFPKFNKKKVKTGIFDIIKTVGKEAGMDVLRTGIDVIGCKIKGEC
>UniRef50_Q9NSP4,LAHTYQSPLLYCDLEVEGFRATMAQRLV
>UniRef50_Q2SDQ0,VRFQPDHVLEDLCRLYGLDVVRESAPFNPE
>AP02619,GFGCPRDQYKCNSHCQSIGCRAGYCDAVTLWLRCTCTDCNGKK
>UniRef50_Q9YAW4,LSIHLPLTDETRHLIGE
>AP01577,FLLFPLMCKIQGKC
>UniRef50_Q86VV8,ILKRVAANALMSLLAVSRRAQKHALKANLIDNCMEQMKHINAQLNLDSLRPGKAALKKKEDGVIKELSIAMQLLRNCLYQNEECKEAA
>AP01523,AVDFSSCARMDVPGLSKVAQGLCISSCKFQNCGTGHCEKRGGRPTCVCDRCGRGGGEWPSVPMPKGRSSRGRRHS
>UniRef50_Q9VJ29,RILPGLLTSSSHHSLTCKVFLSLLGFIAKQINDKS
>UniRef50_B1GZN4,IRTFKPINNQRNFLGTLL
>UniRef50_Q9WUU8,VTQNELLKQQVKIFEEDFQRERSDRERMNEEKEELKKQVEKLQAQVTLTNAQLKTLKE
>AP00098,FLPLIGKVLSGIL
>AP00637,ARSYGNGVYCNNKKCWVNRGEATQSIIGGMISGWASGLAGM
>UniRef50_P29349,ESQSKPGDFVLSVRTDD
>UniRef50_A5FC30,HPLMRKWWNHMSDIMETNP
>AP01328,GFIFHIIKGLFHAGKMIHGLV
>UniRef50_Q9UJT0,EKFRKSAEHCDCLQCFFIIHS
>UniRef50_O34171,RRSISNNAPPSMTRKRVETPFKTGV
>AP01194,CSTNTFSLSDYWGNNGAWCTLTHECMAWCK
>UniRef50_C0QUE5,RFKDFKNFVLIKEDFFDVDLRKLTDGKIKLTGNL
>UniRef50_O51087,YNEHNELNEDLVDGINYKIQGDLVISFEYL
>UniRef50_A7HBQ0,LGVAGSEGALATVRRIALRREGEPEPPLQEVLEARPQGRLWAVRIEGVSDRTSAEAWVGAEVLA
>AP01305,FLPPSPWKETFRTS
>UniRef50_Q17Q32,SAEEPATLSETNGKSTG
>UniRef50_Q13042,ASLSREEPQDIYWLAQCLYLTAQYHRAAHALRSRKLDKLYEACRYLAARCHYAAKE
>AP02487,GILDAIKAFANALG
>AP00654,GLLDTIKNTAKNLAVGLLDKIKCKMTGC
>UniRef50_Q04093,KFPEKPVHLVIMTHGIFSNI
>UniRef50_P46865,ALQEEMTATRRQADKMQALNLRLKEEQARKERELLKEMAKKDAALSKVRRRKDAEIASERE
>UniRef50_P41911,RSDSAVSIVHLKRAPFKVTVI
>UniRef50_Q7NBY7,GDGEFKIASPYCVISFNQYDFRQCLAELKEKTASFFYDFKFVIGMPKNIDQTKSSTT
>AP00408,FLFPLITSFLSKVL
>UniRef50_Q75EQ0,GTAQAPSLVLKEKEPNTSKQKFQLPKPPMVSTRSVVAPVRT
>AP02127,IWSAIWSGIKGLL
>UniRef50_Q9PC00,SIENDAEHVCEVLVEAGSKNSRL
>AP02704,VGRKHSILNCIPYLKKKKIMRL
>AP00172,GKPRPYSPRPTSHPRPIRV
>UniRef50_A8MBQ3,PIRIWRWNGGLYNGP
>UniRef50_Q6NH03,VFAELGEPNFRDLEAEVIDFAL
>AP02263,YPELQQDLIARLL
>AP00493,NLVSGLIEARKYLEQLHRKLKNCKV
>UniRef50_Q10474,KKLSDSERQQIERYYFDMDAKMALASILIKRHLVSTALECSPNEVQISVTKAGRPYCQSAHCPPIIFDFN
>UniRef50_O73673,AIVKREENASQNWQRFY
>AP02347,KVTKSVKSIPVKI
>AP00284,SHQDCYEALHKCMASHSKPFSCSMKFHMCLQQQ
>AP01238,NPLIPAIYIGATVGPSVWAYLVALVGAAAVTAANIRRASSDNHSCAGNRGWCRSKCFRHEYVDTYYSAVCGRYFCCRSR
>UniRef50_Q9BUB5,SSDPPTSASQVAGTTGIAHRDLKPENILCESPEKVSPVKICDFDLGSGMKLNNSCTPITTPELTTPCGSAE
>UniRef50_Q9NWZ8,KEDQALSKEEEMETESDAEVECDLSNMEITEELRQYFAETERHR
>UniRef50_P15977,PANPESASPYSPSSRRWLNVI
>AP01420,GIFSLIKGAAQLIGKTVAKEAGKTGLELMACKVTKQC
>UniRef50_Q9PNB8,GFKIARKKMADKIVSVFITTKNKDELKKRLIKRN
>UniRef50_O34851,GLQVKLGKALKNQHGYLAGQDDERLADLHEMFRDDEVKAVLCACGGFGTGRIA
>AP01471,RPKPQQFFGLM
>AP02324,VFHAYSARGNYYGNCPANWPSCRNNYKSAGGK
>UniRef50_Q12182,FAHEIVIVNIDN
>AP02149,QYEALTAAILTKLSKMWHSDTLNFLGHTCHVSRTPTVKRFKLYWKGKFWCPGWAPFSGTSRTKSRSGSAREATKSFVDQALQRRLITQQEADLWLKG
>UniRef50_Q7CHK5,ACRFLKPLMPKSWHFVQQPKVLIPQNGELTLVTVLDNGENVRLLVVEPSCSASLCLLAQSQVVLAGRQLV
>AP02712,MNSSSVLFVCILGACSVWTVHGRNLKVNDDDQEGAELDISVEARKLPGLCWVCKWSLNKVKKLLGRNTTAESVKEKLMRVCNEIGLLKSLCKKFVKGHLGELIEELTTSDDVRTICVNLKACKPKELSELDFESDEDAHTEMNDLLFE
>UniRef50_P47707,EQKCETKNCNIEESTTKIVKAKKS
>AP01258,GLMDVFKGAAKNLLASALDKIRCKVTKC
>AP01314,GLLSGVLGVGKKVDCGLSGLC
>AP01652,LIDHLGAPRWAVDTILGAIAVGNLASWVLALVPGPGWAVKAGLATAAAIVKHQGKAAAAAW
>AP00867,FLPVIAGLLSKLF
>AP02359,ITSHSLCTPGCAKTGSFNSFCC
>UniRef50_Q82UK8,PRIVEFPRWLWWFILNGIILNVR
>UniRef50_P17052,LVESASVVVLGGGVIGLEVASAAVGLGKRVTVIEATPRVMARVVTPAAANLVRARLEAEGIEFK
>AP00964,GLWSKIKEAAKAAGKAALNAVTGLVNQGDQPS
>UniRef50_Q9UGI0,RFQGVYLPLLWEQSFCWKSPIALGYTRGH
>AP01470,AQRCGDQARGAKCPNCLCCGKYGFCGSGDAYCGAGSCQSQCRGCR
>UniRef50_Q8G5F1,RAARLSAIEQALATHIITSQSQLS
>AP01154,AIKLVQSPNGNFAASFVLDGTKWIFKSKYYDSSKGYWVGIYEVWDRK
>AP00547,RSNKGFNFMVDMIQALSK
>UniRef50_Q8TYD6,FSKIVDVCHDHGIEVFVALDVNENHEVLVSGWKEDAGVTLEDAIERFNE
>AP00182,GFGCPLDQMQCHRHCQTITGRSGGYCSGPLKLTCTCYR
>AP00142,GLKKLLGKLLKKLGKLLLK
>UniRef50_A8F732,AIKAADEGNLILFVL
>UniRef50_Q6NTJ3,KNMVQQVQAERDALALSKSPFIVHLYYSLQSANNIYLVMEYLIGGDVKSLLHIYGYFDEEMAVKYIS
>AP00789,GFWGKLFKLGLHGIGLLHLHL
>UniRef50_Q8W2B8,LLDFTNSSYDPIWDSIREEAKLEAEEEPVLSSFLYASILSHDCLEQ
>AP01917,GLWDSIKNFGKTIALNVMDKIKCKIGGGCPP
>AP01231,GGAPATSANAAGAAAIVGALAGIPGGPLGVVVGAVSAGLTTGIGSTVGSGSASSSAGGGS
>AP02601,PPIQNPSMAPPTQNPYGQPMTPPTQNPYGQPMAPP
>UniRef50_B8H0A3,IVVPQEFRAAVSGPFDGIFCFPSIEADCLEAGGKALFDRYQAVI
>AP02248,FKKKKRNIGTFVFFAIALFCTVMFAYLLLTNQYVPIDYNVPRYA
>UniRef50_B2KCP2,TSYRPEDKFKEVSVEKRPFMY
>UniRef50_Q9CEH4,VQESRPTVASTPKPKVEERKAQP
>UniRef50_Q6C5K4,DLGLAQPNPNVLTI
>UniRef50_Q9XYF4,LTPYVGVVDGP
>UniRef50_Q8GYH7,GEPMPGDDDEDIVMTSTQCPLLNMTCPL
>AP01704,RIFSKIGGKAIKNLILKGIKNIGKEVGMDVIRTGIDVAGCKIKGEC
>UniRef50_Q9P0K7,KSGRTALMLACEIGSSNAVEALIKKGADLNLVDSLGYNALHYSKLSENAGIQSLLLSKISQDADLKT
>UniRef50_Q8ST62,SGDVGANDIKTAKKNLARALTVRREKILEELVEAYRGTPVSKLPKELRPKLNR
>UniRef50_Q9XYP7,MMIEIIEPNWHIFIEKMKT
>AP02137,FLHHIVGLIHHGLSLFGDRAD
>UniRef50_P22133,DLFNVNAGIISQLGDSIAECCDLSKVFVLVISN
>AP02528,VSCDFEEANEDAVCQEHCLPKGYTYGICVSHTCSCIYIVELIKWYTNTYT
>UniRef50_Q9FLT0,VETRQKETLKVVVTEVLGGGRF
>AP02801,ASVVKTTIKASKKLCKGATLTCGCNITGKK
>AP00575,GLLDTFKNLALNAAKSAGVSVLNSLSCKLSKTC
>UniRef50_Q2RKH8,PAAIKGAVAAGAGRLP
>AP02692,VWLSALKFIGKHLAKHQLSKL
>UniRef50_Q96AB6,DTKAEVPLIMNSIKSFSDHAQCG
>AP02027,GFWGSLWEGVKSVV
>UniRef50_Q8Y5X6,FFATLPERELRSGFAEMIKHALISDLTLLRALMDTFTEPKD
>UniRef50_Q9I452,GSGVTACHNLFALSLA
>AP01640,INWLKLGKMVIDAL
>UniRef50_Q04601,YTQPNSLWRGPDEDDLDSN
>AP00492,RQRVEELSKFSKKGAAARRRK
>AP02169,AKISGPEETSELPEVVSEERVPATATEPMADLRHGVTREPISPASKDSLRDKFKEKLDKWFHRPNLLSKRD
>UniRef50_Q6BU18,RFNIRAGFFWDGIDRSNGFEDLIVRKRN
>UniRef50_Q03Q51,DADHFTRTANRRDF
>AP01239,KFFRKLKKSVKKRAKEFFKKPRVIGVSIPF
>UniRef50_C4R6H3,NWVPGIEPFQK
>AP02511,HHHLFGHVGHEVERSLHKVGHKLEHACHEVHKTAKKVQK
>AP00134,SWLSKTAKKLENSAKKRISEGIAIAIQGGPR
>UniRef50_Q31E86,KDTAGGVMGGTLYMLGSYLNSLLVDLELETGR
>UniRef50_Q13322,SSLPAIPNPFPELCGPGSPPVLTPGSLPPSQA
>UniRef50_Q24167,AGNPVESKRLKSGTLCLDVQSPQLLQQLIGKDPAQQQTQAAKRAGSER
>UniRef50_A5FAX4,EFNLILSCDIPLISTELLQELISKHTEEAGITVFASESKTHPLIGIYSKKILPIIKSAIEADELKMMDLLAKVPHQ
>UniRef50_O14019,YGQEKLADKKD
>UniRef50_P0CN45,PPTLLSKDQIKKVRKELREYSRQFDEED
>AP00312,LRDLVCYCRARGCKGRERMNGTCRKGHLLYMLCCR
>UniRef50_Q5E9Y6,VDECPLDQGLPKFSAEVIFEKCSQ
>AP01356,KTCMTKKEGWGRCLIDTTCAHSCRKYGYMGGKCQGITRRCYCLLNC
>AP02386,KLSPSLGPVSKGKLLAGQR
>AP00930,KPAWCWYTLAMCGAGYDSGTCDYMYSHCFGVKHSSGGGGSYHC
>AP02437,FFGRLKSVWSAVKHGWKAAKSR
>UniRef50_Q02790,EAHLAVNDFELARADFQKVLQLYPNNK
>UniRef50_Q8SRI3,ILEIVRVTSDDLIG
>AP01644,GAFGNFLKGVAKKAGLKILSIAQCKLSGTC
>AP01621,CAWYNISCRLGNKGAYCTLTVECMPSCN
>UniRef50_Q23261,MKETGSECVIHTHSKCANLITQLIKSNVFEISHQEYIKGI
>AP01696,SPAGCRFCCGCCPNMRGCGVCCRF
>UniRef50_Q2FQU2,EASTIQIPFQIHQDIRVIVIGASTGGPQ
>AP00351,GLFDVIKKVASVIGGL
>UniRef50_P78014,VSTGSLHLDEALGTGGLPLGRIVELYGNE
>UniRef50_Q1GVM5,GGEQMSSLEFANLLENWRDGGVRE
>AP02198,KAYSMPRCKGGFRAVMCWL
>UniRef50_Q52880,ISSKPGQGSIFTMSLPLTL
>AP00824,SILPTIVSFLSKFL
>UniRef50_Q8A0V4,KQGAEICMCREFYQFLTADLKMEVPVDALLEGNDFTADMVISIG
>AP00399,HVDKKVADKVLLLKQLRIMRLLTRL
>UniRef50_Q8R778,LARIDFLLEKETMKVYVNEINTIPGSFAFYLWKP
>UniRef50_P33764,VCTFQEYAGRCGDKYKLCQAELKELLQKELATWTPTEFRECDYNKFMSVLDT
>AP01203,KKKSGVIPTVSHDCHMNSFQFVFTCCS
>UniRef50_Q753F1,RQWEEELGPDYY
>UniRef50_O94562,EKQRCHIIARKQGYHGNTLFALSVGGMKPRKQPYEGVFSHTTSHVSPCFEYRYKENGETTEEYVARLAK
>UniRef50_O94664,DRHTPSSASSRASETGTTSPQSMRNQIS
>UniRef50_Q8NG50,VKVRLGTRHKAVQHQALALNSSKCQELANYYFGFNGCSK
>AP02112,GLMDTVKNAAKNLAGQLLDRLKCKITGC
>UniRef50_Q54Y96,SDCLQTITPTSVVTV
>AP00931,LAGYTGIASGTAKKVVDAIDKGAAAFVIISIISTVISAGALGAVSASADFIILTVKNYISRNLKAQAVIW
>AP01190,MGAIAKLVAKFGWPIVKKYYKQIMQFIGEGWAINKIIEWIKKHI
>UniRef50_Q8SRM2,ADTAESTQATENKEEEDEDFD
>AP00587,GIMSLFKGVLKTAGKHVAGSLVDQLKCKITGGC
>AP02662,PPHKKKLAVYPVFLFYLFLSWFSLIV
>UniRef50_Q9CZ91,VARLAGHPLLKKKIDVLKDAVQAFKDARQSAPA
>UniRef50_Q23AS2,SQLNNHKNEEKKPSQQ
>AP00338,PDPAKTAPKKGSKKAVTKA
>UniRef50_Q9K0Z1,VAEWEKVAAQLLNL
>AP01188,MLAKIKAMIKKFPNPYTLAAKLTTYEINWYKQQYGRYPWERPVA
>UniRef50_P30713,QAAKKTLPVPPP
>UniRef50_P53890,TENEANKSTDDPSQLSV
>AP00577,GLFTLIKGAAKLIGKTVAKEAGKTGLELMACKITNQC
>UniRef50_O45487,KSSYTMSPSHAPPRS
>AP00439,VTCFCKRPVCDSGETQIGYCRLGNTFYRLCCRQ
>AP00211,RRWCFRVCYRGFCYRKCR
>AP02229,GKCSVLKKVACAAAIAGAVAACGGIDLPCVLAALKAAEGCASCFCEDHCHGVCKDLHLC
>UniRef50_Q12706,LPLSTTPILHEEFGNLTIGSHSSA
>AP02879,LTAEDKKLIQQAWEKAASHQEEFGAEALTRMFTTYPQTKTY
>UniRef50_Q46871,QPDAHFVPPTVTEEGIVWPEGPRPPSRDY
>UniRef50_Q9US52,GYENFDYAFSMHLRKHVRLPNY
>UniRef50_Q54PQ8,SESSNVTFLRNILDCLRDACYEIVGYGFNHSDEL
>AP00001,GLWSKIKEVGKEAAKAAAKAAGKAALGAVSEAV
>AP01796,ASFPWSCPSLSGVCRKVCLPTELFFGPLGCGKGFLCGVSHFL
>AP00691,GFFKKAWRKVKHAGRRVLDTAKGVGRHYVNNWLNRYR
>AP01161,GRDYRTCLTIVQKLKKMVDKPTQRSVSNAATRVCRTGRSRWRDVCRNFMRRYQSRVTQGLVAGETAQQICEDLR
>AP00639,GLIGSIGKALGGLLVDVLKPKLQAAS
>AP02219,WSCPTLSGVCRKVCLPTEMFFGPLGCGKEFQCCVSHFF
>AP01365,AAKPMGITCDLLSLWKVGHAACAAHCLVLGDVGGYCTKEGLCVCKE
>UniRef50_Q9VWF4,METLRSFKITHILTLDSVPLPQHILEASFLTTKYIQIADMPRE
>AP02865,RRWKIVVIRWKK
>UniRef50_A5DVG6,LGFEIPYQSIYLHALDDTGMLYLQIENN
>UniRef50_Q9HC98,PQRHPNTLSFRCSL
>UniRef50_Q02890,LIYKNVDKEFAKDGHAEGENIYTDYLVKE
>AP02631,FLGMLLHGVGHAIHGLIHGKQNVE
>AP00371,GLLSRLRDFLSDRGRRLGEKIERIGQKIKDLSEFFQS
>AP01454,IIPLPLGYFAKKT
>AP01886,VVKCSYRLGSPDSQCN
>UniRef50_Q7NDJ2,LGLDSAVEWVLR
>UniRef50_A6LC43,FIDDFLAYGNAAMGMVELAEQSGAVIEGMGFIIEKAFQDG
>UniRef50_P21787,KRTVGEEVTTDMR
>UniRef50_Q8LDI5,SQLEVKAMPTFLFLKDGNAMDKLVGANPDEIKKRVD
>UniRef50_O13921,VIAQEAEEILQDENAQVEIVKKSLSSEFDIRQSFKENWVVKSNFNN
>AP01167,LTTKLWSSWGYYLGKKARWNLKHPYVQF
>AP01940,FKTWKRPPFQTSCWGIIKE
>UniRef50_Q54340,LRDGRRAASSSWPGRGSSRRW
>UniRef50_Q9URU2,LKMPNFDFKKNQVFFGNYE
>UniRef50_Q9SRY6,YDPITVNLIAGDQKKPSF
>AP02453,MDSFQKIEKIGEGTYGVVYKAKDKVSGRLVALKKIRLENESEGVPSTA
>AP01511,TITLSTCAILSKPLGNNGYLCTVTKECMPSSCN
>AP00262,GFVDFLKKVAGTIANVVT
>AP02603,LPFFLLSLIPSAISAIKKI
>UniRef50_O07938,NLDALWDCLTGWVDLPLTLVLKNFEFS
>AP01852,SVMGTVKDLLIGAGKSAAQSVLKSLSCKISNDC
>AP01514,GVNMYIRQIYDTCWKLKGHCRNVCGKKEIFHIFCGTQFLCCIERKEMPVLFVK
>UniRef50_Q9PI04,FDYDENLNKNISPF
>UniRef50_Q8LE94,PNSSVYRNCPCIRCLAHNFLNLYISVFRRGETRSLPSSVQATASITSSS
>UniRef50_Q01W33,GVTHADCQTVSDKVGEILEAEDAIPGHY
>UniRef50_Q9W1F4,EEQSFTAEVVGYESEAQMQELLKEKKCSTLNYRQTKKESGDREKIADKNNLDDSLAPHPLHICLTIGAAGSNQ
>UniRef50_Q05881,YNNKDCPKYFTDQLDESTLQLLDGLRDFIAELQERLKNDENASLDKERLTSVGKIFNACDSLSNCSKAGPYGILANIL
>AP02280,GLRDKIKNVAIDVAKGAGTGVLKALLCQLDKSC
>UniRef50_Q99MV1,PPQDPLRSPVAQHNHPTFRLKSPENGNTK
>AP00168,GRPNPVNNKPTPHPRL
>UniRef50_Q6NZZ9,YQFGEIRTITIVQRQQCAFIQFATRQAAETAAEKSFNKLIINGRRLNVKWGRSQAARGKGEKDGVTESGIRLEPVPGLPGALP
>AP02278,FLPAVLKVAAHILPTAICAISRRC
>AP00118,GILDSFKGVAKGVAKDLAGKLLDKLKCKITGC
>AP02797,KKSCHTGLKKSAGWVIPIGTLVKNGIIVR
>AP02793,AKKPVAKKAAGGVKKPKK
>UniRef50_P37094,HCVPVFRRGDKVFFAVSDPTQMPQIQKTVSAAGIAVELVIVEDDQLAGLLDWVGSRSTSLLQELGEGQE
>UniRef50_Q9S7U5,QYQEVTDTKMLHLEDRVQGMEESQQEM
>UniRef50_Q5ALR8,VLKRAKSIVSSNSLSAFFTDSKSKQQQQQQQRDR
>UniRef50_Q1LVV0,VVENALVPMPQDSYLGNQFGLKRTQSLRNPRGYLRQPEL
>UniRef50_O80831,LSKSLRKAAESRGHLFWARGPDN
>AP02259,QYEALVASILGKLSGLWHSDTVDFMGHTCHIRRRPKFRKFKLYHEGKFWCPGWTHLEGNSRTKSRSGSARDAIKDFVYKALQNKLITENNAAAWLKG
>AP00843,TKYYGNGVYCNSKKCWVDWGTAQGCIDVVIGQLGGGIPGKGKC
>UniRef50_Q9RYK1,FGLLETLASGRVQMGERLAWADYRSEVSVYAAQERVYLDRQH
>UniRef50_Q6FQH3,FGVQVPKGPHEESNYEA
>UniRef50_Q8BP71-2,AATAAAAAAAAYSDGYGRVYTADPYHALAPAASYGVG
>UniRef50_A9AUT1,HKLDEEDDDDDDDD
>AP00235,NPVSCVRNKGICVPIRCPGSMKQIGTCVGRAVKCCRKK
>AP01368,ATCDLFSFRSKWVTPNHAACAAHCLLRGNRGGRCKGTICHCRK
>UniRef50_B1VSW8,RCGPDTQVHLTTQA
>AP02808,MPEPAKSAPAPKKGSKKAVTKAQKKDGKKRKRSRKESYSVYVYKVLKQVHPDTGISSKAMGIMNSFVNDIFERIAGEASRLAHYNKRSTITSREIQTAVRLLLPGELAKHAVSEGTKAVTKYTSSK
>AP02630,NIGLFTSTCFSSQCFSSKCFTDTCFSSNCFTGRHQCGYTHGSC
>UniRef50_O60099,ELQCFCKVIVAQ
>UniRef50_P76536,SHLTRVDLKEDGKGLKIVRQSLPYGTASGTHGLYFCAYCARLHNIEQQLLSMFGDTDGKRD
>UniRef50_P25359,IKDLDDFGEEELF
>AP01295,GFMDTAKNVAKNVAVTLIDNLKCKITKAC
>AP02318,IKIPSFFRNILKKVGKEAVSLIAGALKQS
>UniRef50_P0AC71,IVIEMYQRGELQ
>AP00595,FLPIIGKLLSGLL
>UniRef50_Q8NB90,IMKRHFTQALSTVTPRIPESLRRFYE
>UniRef50_Q9VQS5,SNGDVNLDERNPELDARMSDHQEWHLELERVLPQLKVFVKADARDWRTHISQMETLKTNILENSDTAEAQLKKLHSEFTFDLEKIESREKHLNNELKPLIQQFKEL
>UniRef50_Q8UF44,RQDVRAYVAALEDVIIRTLDKMNVRGE
>AP00291,MFFSSKKCKTVSKTFRGPCVRNAN
>AP01176,TTPACFTIGLGVGALFSAKFC
>UniRef50_Q55GA0,EKHRDECPYGIIGCTLCGKDCSRVDIESHTENHCPKLLVKCPTCNQDQLIARCDLDDHLSV
>AP00389,GIWGTALKWGVKLLPKLVGMAQTKKQ
>AP02222,FIPLVSGLFSRLL
>AP00714,GYGCPFNQYQCHSHCSGIRGYKGGYCKGTFKQTCKCY
>UniRef50_O95835,LCTGFRWTHDSKYY
>UniRef50_A5UJV0,IFDDYVEISSEGNLKGIDVDLSN
>AP00770,GLLGLLGSVVSHVLPAITQHL
>UniRef50_Q7JXF5,FANLTTETKTTDSSAVSTASQLSYHQLEEHINKWTLEFEEQEKVFTE
>AP01331,IFGAILPLALGALKNLIK
>UniRef50_Q9UKT4,ENQHVQQTLNSTNEIEALETSRLYEDS
>AP01676,DAEFRHDSGYEVHHQKLVFFAEDVGSNKGAIIGLMVGGVVIA
>AP02891,NLLNDALGTVNGLLGS
>UniRef50_A1JT33,NIQAPYSNVPALAERWQR
>UniRef50_Q8XW28,YSDRPSALLKQGLSPEGTAPGSGRSSAQVPGSHLAGRWILTAGLGGMGGAQPLAATLAGAVSLTIECQQSSIDFRLRTRYLDKQARDIDDALNLIRHHCE
>UniRef50_Q9LPG6,SIKPTHVFNAAGLTGRPNVDWCESHKPETIRVNVAGTLTLADVCRENDLLMMNFATGCIFEYDATHPEGS
>UniRef50_Q9CGY0,FEALKAEEVNVISNNFLELRDGGAFHNGEAVA
>UniRef50_Q6FQJ4,LTEGSSLSKNSVGMGLGMKLPSIHSLINQKNSYNPFQTTLHSKSFSV
>UniRef50_O83787,SLFSSKEDHCGVRHNERMEF
>UniRef50_Q6PRD7,NTSAENLTCLSLPGSPGKTAPLPGPAQAGAGQPLPKGCA
>UniRef50_O83146,LAHLEKRIALRKHAVLVVAEGAGQDLMV
>UniRef50_Q7UFX8,RIVKNAFREDHRWEILT
>UniRef50_Q9C026-4,MTTDFDLSLDNSPLLQSIH
>AP01213,EFRGSIVIQGTKEGKSRPSLDIDYKQRVYDKNGMTGDAYGGLNIRPGQPSRQHAGFEFGKEYKNGFIKGQSEVQRGPGGRLSPYFGINGGFRF
>UniRef50_O60139,FSHIEWNLHLRSNKSIVVNNFVGQLCSRT
>UniRef50_Q9HGL6,CNNIFFFESRRREDLYLHIARAPNGPTV
>UniRef50_Q9US34,LACMIVETILSTGGIIELPQGYLKALKKKCEERG
>UniRef50_O24456,VSASRDRTIKLWNTLGECKYTI
>UniRef50_Q9USI4,VPSIRTGALKAMKKCYLSAHSNIPFKDLMKILAATSEDELVQCCKMHGLKI
>AP00888,GIMDSVKGLAKNLAGKLLDSLKCKITGC
>UniRef50_P53250,LVDLKNFDSARPAGQNKPLTHDEEMQIEINKQQALLRKNTSVKLVSQDSASPL
>UniRef50_Q59Q38,IRYVWNQEDHVWCEYYSLSSKRWIHLDPCEGVYDEPLLYCNNWGKRMSYVIGFNYNYMIDLSDKYIVPEKQIPKNSI
>AP00753,VQETQKLAKTVGANLEETNKKLAPQIKSAYDDFVKQAQEVQKKLHEAASKQ
>AP00839,KVPVGAIKKGGKAIKTGLGVVGAAGTAHEVYSHIRNRH
>AP01172,KRGPNCVGNFLGGLFAGAAAGVPLGPAGIVGGANLGMVGGALTCL
>AP00224,CSCRTSSCRFGERLSGACRLNGRIYRLCC
>AP00711,GFGCPNNYACHQHCKSIRGYCGGYCAGWFRLRCTCYRCG
>UniRef50_Q9V076,AVVYACDYKFDNNHPYGERPDYKRLK
>AP00121,GLMDTVKNVAKNLAGHMLDKLKCKITGC
>AP00344,GNNRPIYIPQPRPPHPRL
>UniRef50_Q9SV36,QRKQMESELSKLKKNLRESENVVEEKRYMKEDLSKGSAESGAQTGSQR
>UniRef50_P38198,MKLVNNKKSEKMHLLIMDNFPRDSLTVYEISHLLMVDSNGNTLMDFDVYF
>AP01641,IDWLKLGKMVMDVL
>AP00898,FLSGIVGMLGKLF
>AP02423,KRFKKFFKKLKNSVKKRVKKFFRKPRVIGVTFPF
>UniRef50_B0CHF1,SALPIGGFSFSNGLESAIQQNLVHDKE
>UniRef50_P36159,LADVDTVINNQLHVDNFNNSAEKKKHVEIITL
>AP00125,KWKVFKKIEKMGRNIRNGIVKAGPAIAVLGEAKAILS
>UniRef50_Q9ZKU4,KGLSEQEAERLALDKTYFATMLVHLGY
>UniRef50_Q73H02,FEKLLEKAHVPVMFYNIPSR
>AP00390,FWGALIKGAAKLIPSVVGLFKKKQ
>AP01521,RFRLPFRRPPIRIHPPPFYPPFRRFL
>AP02869,IVRVAVALRRIR
>AP00765,MHDFWVLWVLLEYIYNSACSVLSATSSVSSRVLNRSLQVKVVKITN
>AP02679,TKLTEEEKNRLNFLKKISQRYQKFALPQYLK
>UniRef50_Q7SD63,GQIFQDDFDPESEQNQKLEDCARQLNRIFTLCLNDRAPLEESRKWGIYYIINLLFKTYFKLN
>UniRef50_P16533,DNGIPIAYCSW
>UniRef50_O75891,DSTDFFKSGAASVDVV
>UniRef50_Q96T76,NDPHGIQREDLILSLRAVLASTPRFAEFLLPLLIEKVDSEVLSAKLDSL
>AP00563,KTCENLADTFRGPCFATSNCDDHCKNKEHLLSGRCRDDFRCWCTRNC
>AP02231,RAIGGGLSSVGGGSSTIKY
>AP02311,ITIPPIVKDTLKKFFKGGIAGVMGKSQ
>AP01790,HPHVCTSYYCSKFCGTAGCTRYGCRNLHRGKLCFCLHCSR
>AP01495,IASKFICTPGCAKTGSFNSYCC
>UniRef50_P52197,SPQEYRGEKVLAAKGGHIPGAVNFEWTAAMDPSR
>AP00758,FLSLIPHAINAVSALANHG
>UniRef50_P32047,SPPQAYSSSSATTTFSNPFIKTTELPATSPYVSPQQ
>AP02154,YVDREINLFDHYCIISRSPHISRWELKWQATVTCPGWTPVKGKVRGYSNPLSAEREATRDFVQRIVQRGLVTRDEASEWL
>AP02731,SYVGDCGSNGGSCVSSYCPYGNRLNYFCPLGRTCCRRSY
>AP00814,GLGSILGKILNVAGKVGKTIGKVADAVGNKE
>AP00613,RVKRFWPLVPVAINTVAAGINLYKAIRRK
>AP02842,FLSGLIGGLAKMLGK
>UniRef50_Q03441,NTIEDTQDIPQEIAYSGKVSMSKEDIMKSIGELF
>AP02713,GFLDIVKGVGKVALGAVSKLF
>UniRef50_P25294,FKEISEAFEILNDPQKREIYDQYGLEAARSGGPSFGPGGPGGAGGAGGFPGGAGGFSGGHAFSNEDAFNIFSQFFGGS
>AP02646,GKNGVFKTISHECHMNSWQFLFTCCS
>UniRef50_B6INM0,EAETRCVRDALDRRDTAAVAAIGGPAGDLLVRIMAAGG
>AP01522,TYMPVEEGEYIVNISYADQPKKNSPFTAKKQPGPKVDLSGVKAYGPG
>UniRef50_O94384,KKCTKPLVLWEEM
>AP01554,DFGCGQGMIFMCQRRCMRLYPGSTGFCRGFRCMCDTHIPLRPPFMVG
>UniRef50_P75794,RVPLIQGFNADETSVKAITDFAA
>UniRef50_P54005,PSQQSLENFENTKKYSNELSPD
>AP01445,FMGSALRIAAKVLPAALCQIFKKC
>AP01710,GIFSTVFKAGKGIVCGLTGLC
>AP00325,GVIDAAKKVVNVLKNLF
>UniRef50_Q6MKS2,ARTESDFQKQEVESTEERFFLPG
>UniRef50_O76041,RTYRAMYDYSAQDEDEVSFRDGDYIVNV
>UniRef50_Q2QAV0,TGRIIYEACSCITTMLSR
>AP00994,GIFSNMYARTPAGYFRGPAGYAAN
>AP00647,FLPLIAGLAANFLPKIFCAITKKC
>UniRef50_C0HK24,ATSNVNCKASNALNVVRDL
>UniRef50_P0C1J2,DVFNKLMSFQKKL
>UniRef50_Q9CDT7,ETSTFMISKWGRKDEEIAQFDQIVSTVKAM
>AP00641,GFFALIPKIISSPLFKTLLSAVGSALSSSGEQE
>AP02058,GLWNTIKEAGKKFAINVLDKIRCGIAGGCKT
>AP02835,FLPLLAGLAAKWF
>AP02612,SFLSTFKKLAIDAAKNAGQSVLHTLTCKLDNQC
>UniRef50_Q557H7,SSIPPKWKSLIIMIPLKLGADKLNSTYIEKLKLLLKLPQSLGFIGGKPKQSFYFIGFQDDQVIYLDPHFVQE
>UniRef50_Q61419,CKNLCKHQGGLFMKDIEDLDGRSVKCT
>AP02640,RIRFPWPWRWPWWRRVRG
>AP01769,KSLRPRCWIKIKFRCKSLKF
>UniRef50_Q5GTG5,ATLTAARSITKGKIIGIIEPFRF
>AP02581,LQSNININTAAAVILIFNQVQVGALCAPTPVSGGGPVP
>UniRef50_B0UBI6,YAYSHGLEWAAEAGDVRDEASLGAWLADVLSHGAARNDAILAAHAHGAGLAGDPRAAEALNDLALALAPSRELHLETSQQGRSFLDAT
>UniRef50_P81021,EQTVKLLRHRIL
>UniRef50_Q95PZ0,RYAAEFTDSFEKEEKTMTVFSLMP
>AP00459,FITLLLRKFICSITKKC
>UniRef50_Q6FEP2,RPDLLIDGPLQYDAASVESVGRQKAPDSQVAGRANV
>UniRef50_Q7RTS9,NITWYSERVLTEISLGSLLILVVIR
>AP01306,TSRCYIGYRRKVVCS
>AP01198,LSCDEGMLAVGGLGAVGGPWGAAVGVLVGAALYCF
>AP02604,FWGFLGKLAMKAVPSLIGGNKSSSK
>UniRef50_Q86AG8,DSKGMIPSELDNLLSNWESTHPDLKFPKLIYMIPHGQNPTGILYDMERKEEIYKIACKFDLLIIEDDPHFFLQLDNEIVNGKRVLNKSFLSIDKEDRVIRLDTFSKFLSSGIRMGFVTTNSKLF
>UniRef50_Q6MUM7,DVQFLSYKEKTNEIFFTI
>UniRef50_A0RUR7,VLGGYSVHGTVYVMAPPESARTIEYTAGRIISHTDGILGGTSLLPGGAGITARLLSHRT
>AP02385,TKPTLLGLPLGAGPAAGPGKR
>AP00808,CRFCCRCCPRMRGCGLCCRF
>AP02694,WYVRKCANKLGTCRKTCRKGEYQTDPATGKCSIGKLCCILDLKLAGQCGGADGNQAAAGTQAAGGTRAAGGTQGTGGTGATGAAATTAAP
>UniRef50_Q59111,DVIYMMWHAAALGLPFLPVTLMQGSGLTDEWGISKEVRKTLDKVPDDKFKYIDNPFKPGEKVVAVPV
>AP01516,LNLKGIFKKVASLLT
>AP00512,GYHGGHGGHGGGYNGGGGHGGHGGGYNGGGHHGGGGHG
>AP01720,RPRPNYRPRPIYRP
>AP02046,GIFGKILGAGKKVLCGLSGLC
>UniRef50_Q13045,SSNQITELSLC
>UniRef50_Q9P6K4,DLQAAPPNSYVSFSDDDFISATLLYMLEDVSRNKSQLLAEKKHLKSQLMVANLDTYSLDCYEIHEFPSEWENDYAPFLLKEHHK
>AP02365,VIVKAIATLSKKLL
>AP01529,GAARKSIRLHRLYTWKATIYTR
>UniRef50_Q13098,PVQVFNLQGAVEPMQIDVDPQEDPQNAPDVNYVVENPSLDLEQYAASYSGLMRIERLQFIADHCPTLRVEALKMALSFVQRTFNVDMYEEIHRKLSEATRSSLRELQNAPDAIPESGVEPPALDTAWVEATR
>AP02860,RRWRIVVIRVRR
>AP00507,GLLSKVLGVGKKVLCGVSGLC
>AP01801,RTKRRIKLIKNGVKKVKDILKNNNIIILPGSNEK
>AP01228,ASGRDIAMAIGTLSGQFVAGGIGAAAGGVAGGAIYDYASTHKPNPAMSPSGLGGTIKQKPEGIPSEAWNYAAGRLCNWSPNNLSDVCL
>UniRef50_B1L5R5,IKVEPVPPKGLEFKIPGDYGLAAFHMLTASVT
>UniRef50_A1TC40,ALVDAVDTQRIVLPEQPALANVNTAADLAAIL
>AP00176,ACYCRIPACIAGERRYGTCIYQGRLWAFCC
>AP00891,LIGLVSKGTCVLVKTVCKKVLKQ
>AP00456,VNPIILGVLPKFVCLITKKC
>AP02765,NGNLLGGLLRPVLGVVKGLTGGLGKK
>AP01009,DYDWSLRGPPKCATYGQKCRTWSPRNCCWNLRCKAFRCRPR
>AP01613,LPRDTSRCVGYHGYCIRSKVCPKPFAAFGTCSWRQKTCCVDTTSDFHTCQDKGGHCVSPKIRCLEEQLGLCPLKRWTCCKEI
>UniRef50_O84913,IVQAGKNAANPHLGPTMNTVQPNELVLFDLGTMHDGYASDSSRTVAYGTPSDKQREIYEVDREAQQAAIEAAKPGITAEELDSVARDIITKAGYGEYFIHRLGH
>UniRef50_Q9US47,DSPVGLAGYLFSKDISRVFRVGEA
>UniRef50_P41142,LEPGVVIGYDR
>UniRef50_Q59W52,AETGSGKTLAFLIPVLNYILSIDENYLKYEKISNEPVGLILAPTRELALQIT
>UniRef50_P36395,TYLDNWMNLPPEQENTEFWQGLF
>AP00865,FLPIIGQLLSGLL
>AP00220,RGGRLCYCRGWICFCVGR
>UniRef50_Q9P7X6,ASQPFQPQDHPSEAAALLMFHSSSIYNKRCLMAYHNLRLQRLRQYCWSGGKRMESCLDTSLSTYERDYL
>UniRef50_A8FHX4,GFIVSSPFLFFNQYEFDLDETVVEILEVEDANDVEVMVILTMES
>AP02665,GLALNRLMNKAVDAIVYMVGQQDAGVSLLGHPCLVESAKQPEGIYTAVMSCASWTPRFVGEGTSEVELEALKGSIRSFIRKASDYQLLSKEDLEDWLASY
>AP01448,FLPIALKALGSIFPKIL
>AP01260,IIGHLIKTALGMLGL
>AP02426,QPKGLSRAHWFEIQHIQTSRQPCNTAMRGVNNYTQHCKQINTFLHESFQNVAATCSLHNITCKNGRKNCHESAEPVKMTDCSHTGGAYPNCRYSSDKQYKFFIVACEHPKKEDPPYQLVPVHLDKIV
>AP02520,LGSCVANKIKDEFFAMISISAIVKAAQKKAWKELAVTVLRFAKANGLKTNAIIVAGQLALWAVQCGLS
>UniRef50_O80856,PLAQSVAFRDLPL
>AP00104,FLPFLAKILTGVL
>AP00599,GIWDTIKSMGKVFAGKILQNL
>AP00417,SIGTAVKKAVPIAKKVGKVAIPIAKAVLSVVGQLVG
>AP00855,RCVCTRGFCRCICLLGIC
>UniRef50_Q4FM95,LVSKQINDEYKNSLDKLAKTQILKEIENFKVDEIPENLIEEEVKILSQ
>AP02200,KAYSMPRCKYLFRAVLCWL
>AP02663,GEGFLGMLLHGVGHAIHGLIHGK
>UniRef50_Q9Z8T3,GCMTSNHKDELKPWMSHIHY
>AP00341,FIGLLISAGKAIHDLIRRRH
>AP02174,FLPFLIPALTSLISSL
>UniRef50_Q9SZY8,PLRLVDKFLLLMANL
>UniRef50_P95855,CSDAYLPENWKDPKE
>UniRef50_P38529,EHVHGSSPYAASSPAY
>UniRef50_Q96A72,MIRKEAYVHKSVMEELKRIIDDSEITKEDDALWPPPDRVGRQELEIVIGDEHISFTTSKIGSLIDVNQSKDPEGLRVFYYLVQD
>UniRef50_B9LPF8,ARNAGDTPIVGVNLGEVGFLNAVPPEAAEEAVVSEVEAFDRGEMNVREAPRLAARTDEWTSVPAANEVVIQGARRGPGAGIDYEVRVDGSRYAGGHADGVLVATPTGSTAYNLSEGGPLVH
>AP01916,GTRCGETCFVLPCWSAKFGCYCQKGFCYRN
>UniRef50_Q54CE0,RGLDIKDIKYVVNYDFPNTIEVYIHRIGRTARAG
>AP01299,GLFTLIKGAAKLIGKTVPKKQARLGMNLWLVKLPTNVKT
>AP01285,GDPLADPNSQIVRQIMSNAAWGAAFGARGGLGGMAVGAAGGVTQTVLQGAAAHMPVNVPIPKVPMGPSWNGSKG
>UniRef50_P0C2T1,GPTLIGLAMGDAGGYKASDMWGPKEDPAWQRNDPLLNVGKLIANNTRVW
>UniRef50_P43255,DYAGVYEAIRGYDWSQEAKDMVAAFSDLYTKRMFQLLLSAYSTITIHDL
>AP00611,FIGPIISALASLFG
>UniRef50_Q6CGK4,QPEPAAVQATTTHHVQDAEDMTTEVDTVVSERLEKFRNMSRTKPDTK
>AP01274,GLMDTVKNAAKNLAGQLLDTIKCKMTGC
>AP00829,FLGGLMKIIPAAFCAVTKKC
>AP02582,DIDITGCSACKYAAGQVCTIGCSAAGGFICGLLGITIPVAGLSSLGFFVITCTTSADYYSIPDSNAAK
>UniRef50_Q9H0Z9,VGGLPYHTTDASLRKYFEGFGDIEEAVVITDRQTGKSRGYG
>UniRef50_P47209,MLSIEQCPNNKAVTIFVRGGNKMIIDEAKRA
>AP00086,GIMSIVKDVAKNAAKEAAKGALSTLSCKLAKTC
>UniRef50_Q729U6,VLLLEDVHFLQGKEKMQDEVLATVKALQSRGSRIVFSSSFAARDLKNVDNQLVSRFCSGF
>UniRef50_Q7SZK7,QQLEEKQQHNQRLTQELSAPSHEHLMLQAELRRLEAEHK
>UniRef50_P19880,NKKNNNNSDDVLPFISESPFDMNQV
>UniRef50_A8F3M5,LEELEIEKVLIAEEIKMISPKYHQK
>UniRef50_P40394,DALASCHMNYGTSVVVGVPPSAK
>UniRef50_O74454,LSLYDESGAVTVVKLLTSVKVKLFVQLSTPPLINVSNVE
>UniRef50_Q9I742,QVQILDEALEAAVRLSHRYIPARQLPD
>AP00164,ALWKTIIKGAGKMIGSLAKNLLGSQAQPES
>UniRef50_C7R403,VIDHKGFRYVSEADL
>UniRef50_Q5A961,NRSTPSVQDYVKEELAKGESYEFNEP
>AP01001,NRWWQGVVPTVSYECRMNSWQHVFTCC
>AP02730,GVWDWIKKTAGKIWNSEPVKALKSQALNAAKNFVAEKIGATPS
>UniRef50_P34893,ILLPEKSSKLNSGKVIAVGPGSRDKDGKLIPVSVKEGDTVLLP
>AP02004,GVWTTILGGLKKFAKGGLEALTNPK
>UniRef50_P71590,TGFARDLADYIQEQGWQTY
>AP02396,LASTLGISTAAAKKAIDIIDAASTIASIISLIGIVTGAGAISYAIVATAKTMIKKYGKKYAAAW
>UniRef50_A6NNY8,TKQLTMNKLPVVACFHFKRF
>AP00260,GLFVGVLAKVAAHVVPAIAEHF
>UniRef50_Q3Z876,RLCYTSNIFRFDETGKKSRENWQLGAEIIGVTGSEANAELITLALETLSRLGFEDVELRLSHSQLIKAVLAQLEPNADEQHKIFDQLLDGDVALMSRLE
>UniRef50_Q9PQ74,GPDIQYFSNDFVIDTQKQIIRFGFKTIKGFGD
>AP01972,STIVCVSLRICNWSLRFCPSFKVRCPM
>AP02859,RLARIVPIRVAR
>AP01647,RCTCTTIISSSSTF
>UniRef50_G0SEH7,SDTDNDNDGDAMEEDDDDMPTFFKEVKEAEAAKEAAKTPSKNPKSKVA
>UniRef50_Q757E3,PLIQGTNSEWALPK
>UniRef50_Q8VMM5,VAESNIEAMERKVDELYGAACKRYPTYDTMVQNAFCASMDAAFGTDEQAEGVAEVFAYARDAY
>AP02721,RWRFLRKISSVHMFSVKALDDFRQL
>AP02432,APVPFSCTRGCLTHLV
>UniRef50_A5DUA3,DIEVPMSPLEKDKRVIIVKELSLAK
>AP02786,FFGHLFRGIINVGKHIHGLLSG
>AP00426,GVFLDALKKFAKGGMNAVLNPK
>UniRef50_Q9VL52,TFLRKELLRQGFAKIDSTSI
>UniRef50_Q5NZF6,TPYLPAGLRVRTPALPGHGGTPARGPTLEAWSDALLPELPDDAVVCGWSLGGLVALDLARRHPHKVARLVLI
>AP00651,GLFSILKGVGKIALKGLAKNMGKMGLDLVSCKISKEC
>UniRef50_Q9P6I6,EMWNRKFFNPRKTHVYFINSDEVAEQRAVSIKAYQQGKGTKGLFSKFNAQREWKKQ
>AP02277,GAFGDLLKGVAKEAGLKLLNMAQCKLSGNC
>UniRef50_O43548,MNDYGFIYQGSKNWIRPCPWN
>UniRef50_Q6CQC6,KEKCDLKTDGEVEKLLIRAELFVDLKIDSVA
>UniRef50_Q14BB9,ARTARVVTTHSSGWDPSPGASFQV
>UniRef50_Q45EK7,SEIAITKIIHKDLANNKFSDNAFEVSYYEEELLVRFYP
>UniRef50_Q7VRE3,VFDSSMIKFIEKAILESNLGCTPVST
>AP02291,GVWSTILGGLKKFAKGGLDAIVNPK
>AP01323,LPVNEAQCRQVGGYCGLRICNFPSRFLGLCTRNHPCCSRVWV
>AP00085,SLFSLIKAGAKFLGKNLLKQGACYAACKASKQC
>AP00659,FLPIASLLGKYL
>UniRef50_Q54LV1,PSTTPAPSTTSAPTTTTTAEPTPTTSSTNNTSTTTPTSVPTPTNNTPATPNPTPTTSSTPGSTSTTSPQQSSDFATGTELEATIKNITDMGFARDQVLRALRLTFNNAERAIEYLVSGNIPAANDPEDEEEMEGGGGSGDNPFEALRNHPH
>AP01014,GLKDKFKSMGEKLKQYIQTWKAKF
>UniRef50_G3XD76,LLPNVAWTNIGAVDLAELAELQLEARLKGKLLEVFSVDKFPKM
>AP02301,RISKKKGKGSWIKNGLIKGIKGLGKEISLDVIRTGIDIAGCKIKGEC
>AP02537,RRSKVRICSRGKNCVSRPGGGSFNDEFIRDHSDGNRFA
>AP02448,GFGSVLGKALKFGANLL
>AP00533,GVVDILKGAAKDIAGHLASKVMNKL
>UniRef50_O83047,ENFGNEFISTLLNKKTQDFK
>AP00521,ILGTILGLLKGL
>AP01620,VDKPPYLPRPPPPRRIYNNR
>UniRef50_Q5U243,LGLKLGDRILLDAEKAGTLR
>UniRef50_Q6NT76,IEAAILESHGIDVQSPGGHSNSDDVDGNDYSEQDDS
>UniRef50_Q9LHH7,TAKIIDGKAIAHTIRSEIAEEVRGLSEKHGKVPGL
>UniRef50_C1DBX3,TVVTQNIDGLHQRAGSPH
>UniRef50_Q72T26,MMPYQINSSLLEKTN
>AP01861,GIFSKISGKAIKNLFIKGAKNVGKEVGMDVVRTGIDVVGCKIKGEC
>AP00105,FLPLFASLIGKLL
>AP01243,KGAPCAKKPCCGPLGHYKVDCSTIPDYPCCSKYGFCGSGPQYCG
>UniRef50_A6ZM92,SPLTINTYCQFYDRR
>UniRef50_Q8XBA4,SDKHLQSWYCRQLRSALLFHEPRIA
>AP02238,GWKKWFTKGERLSQRHFA
>UniRef50_Q9XHH2,LAGNPLYNDYKENNATSEYRIEVVKRLPNLKKLDGMPVDVDERE
>AP00457,GLWETIKNFGKKFTLNILHKLKCKIGGGC
>AP00154,YSRCQLQGFNCVVRSYGLPTIPCCRGLTCRSYFPGSTYGRCQRY
>UniRef50_Q9KKJ5,GSHRDQASGCYSLLMVRGEHLDWL
>UniRef50_C4XXB1,QNVMGRGIALPGMANPQMFQRASTDLEEETADVHAEPEQNPQVSKAPQRARGPRGKRLPKAIKE
>AP01437,FLPILAGLAANILPKVFCSITKKC
>UniRef50_Q9PR88,PKNNLQDAAVIEIVGHAKDHYVGQFITLPNGGYYIFVDDPLFYLNINLKDTTGLVNGHKILFKIISQ
>UniRef50_P48642,IAVEFASIWKGMGAHVDLFYRKELP
>UniRef50_Q6FKP2,GLVPLDFHQRSSVKDRYKKHK
>UniRef50_O14033,CFQCHDELNTHP
>AP02186,MQQRGLAIVALAVCAALHASEAILPIASSCCTEVSHHISRRLLERVNMCRIQRADGDCDLAAVILHVKRRRICVSPHNHTVKQWMKVQAAKKNGKGNVCHRKKHHGKRNSNRAHQGKHETYGHKTPY
>AP00558,GFGCPGNQLKCNNHCKSISCRAGYCDAATLWLRCTCTDCNGKK
>AP01520,SSFSPPRGPPGWGPPCVQQPCPKCPYDDYKCPTCDKFPECEECPHISIGCECGYFSCECPKPVCEPCESPIAELIKKGGYKG
>AP00895,KRFKKFFKKLKNSVKKRAKKFFKKPRVIGVSIPF
>UniRef50_Q02197,PQLQLSPPKGAFSTYIQKHR
>AP00884,QLKVDLWGTRSGIQPEQHSSGKSDVRRWRSRY
>UniRef50_Q9HCJ3,TSSLIPTQTTITAGMGMLPFFPNQHIAGQAGPGHSNTQEKQPATVGMAEGNFSGS
>AP00562,GKVWDWIKSAAKKIWSSEPVSQLKGQVLNAAKNYVAEKIGATPT
>AP00537,AEVAPAPAAAAPAKAPKKKAAAKPKKAGPS
>AP01196,GETDPNTQLLNDLGNNMAWGAALGAPGGLGSAALGAAGGALQTVGQGLIDHGPVNVFIPVLIGPSWNGSGSGYNSATSSSGSGS
>AP00586,FLPLLFGAISHLL
>AP00327,GWFDVVKHIASAV
>AP02061,FLSTLLNVASNVVPTLICKITKKC
>AP01011,GLFGKLIKKFGRKAISYAVKKARGKH
>UniRef50_O94925,GLLPSLEDLLFYTI
>UniRef50_Q12383,NSSILHGDDNNGCNPKLKAICIAMCCRHVCDYGDYVNRSYVTSLVEKY
>UniRef50_Q7VP59,YIEFESSWGNGQFHSQLSG
>AP02726,WTTIVKVSKAVCKTGTCICTTSCSNCK
>AP02155,LLEDGTTEILDHVCNFRVMPRLRSWELYFRGDVWCPGWTVIKGESLTRSRTRVVNKAVADFAQKALAQGLITQEDAQPLLE
>UniRef50_Q28PK5,GNFYGSPMAPVSQAIEAGHD
>AP01431,GFLDSFKNAMIGVAKSVGKTALSTLACKIDKSC
>UniRef50_P55992,RSFATEESLHLHTQTPKGLVEFNLDDNLF
>AP01304,GLLSGILGAGKHIVCGLSGPCQSLNRKSSDVEYHLAKC
>UniRef50_Q9USK5,KQDDFSFKYWTIKVQRGSILKSHE
>UniRef50_Q4K8U2,NGLLPNGSKGLLITMDYAQEQLDGPP
>AP01229,GDVNWVDVGKTVATNGAGVIGGAFGAGLCGPVCAGAFAVGSSAAVAALYDAAGNSNSAKQKPEGLPPEAWNYAEGRMCNWSPNNLSDVCL
>UniRef50_Q9RRJ4,GTVLLAPVGTSFDQFRD
>AP02199,KAYSTPRCKGLFRALMCWL
>UniRef50_Q16LW2,TDSQGKFIPSTQRPDGTWRKPRRVRDGYVPQEEVPLYESKGKLFAQKPLLPPGM
>UniRef50_O51571,YKGIIILTDSDKSGNIIRQKIVKYLGENNKIKHAYLNTKDTEVESVNKTEIIKILKGVGTLSKDNQKDLLKLSDLLELGIIG
>AP00531,GKQYFPKVGGRLSGKAPLAAKTHRRLKP
>AP01376,YENPYGCPTDEGKCFDRCNDSEFEGGYCGGSYRATCVCYRT
>UniRef50_Q9XUC2,VLKMDQRQMGSGVDH
>AP02424,KRFKKFFKKVKKSVKKRLKKIFKKPMVIGVTIPF
>UniRef50_Q9VIF5,LDKDYNFEIPHKNLITILKSSVDCSDKFANALKLI
>UniRef50_P52023,KTENAAATPATEFAVTV
>UniRef50_Q8N865,QGVYYDFPRGVEKNKPVFYPKPPKTFAPNTSLNSWDPICSAKEANIQRNLERSHWLTSYTHDFTGLGPMDPLELDDYH
>AP01158,ALYKKFKKKLLKSLKRLG
>AP02033,VSCGDVTSSIAPCLSYVMGRESSPSSSCCSGVRTLNGKASSSADRRTACSCLKNMASSFRNLNMGNAASIPSKCGVSVAFPISTSVDCSKIN
>AP00526,ILGPVLGLVGNALGGLIKKI
>AP00850,KYYGNGVSCNSHGCSVNWGQAWTCGVNHLANGGHGVC
>AP02840,GAPKGCWTKSYPPQPCFGKK
>UniRef50_Q6P2E9,ALSLELQEVEPLGLPQASPSRTRSPDVI
>UniRef50_A3CTR9,ARKNADLIRAFTRETETFTEL
>UniRef50_P20294,ERLQENLQAYRTFQGMLTKLLEDQ
>AP00648,FLPVIAGVAAKFLPKIFCAITKKC
>UniRef50_P0CO13,ISKLNPEVDELRQNVAREIDIARGP
>AP02188,FQTSEAILPMASSCCTEVSHHVSGRLLERVSSCSIQRADGDCDLAAVILHVKRRRICISPHNRTLKQWMRASEVKKNGRENVCSGKKQPSRKDRKGHTTRKHRTRGTHRHEASR
>AP00755,ENFFKEIERAGQRIRDAIISAAPAVETLAQAQKIIKGGD
>AP01850,SFLSTFKELAINAAKNAGQSILHTLSCKLDKTC
>AP00807,NRWYCNSAAGGVGGAAGCVLAGYVGEAKENIAGEVRKGWGMAGGFTHNKACKSFPGSGWASG
>AP00407,FISAIASFLGKFL
>UniRef50_O70263,RLFHLIPDGEITSIKINRADPSESLSIRLVGGSETPLVHIIIQHIYRDGVIARDGRLLPGDIILKVNGMDISNVPHNYAVRLLRQ
>UniRef50_Q6RZZ9,IDVYEQMKREL
>AP01317,GAILCNLCKDTVKLVENLLTVDGAQAVRQYIDNLCGKASGFLGTLCEKILSFGVDELVKLIENHVDPVVVCEKIHAC
>AP02589,GYYCPFRQDKCHRHCRSFGRKAGYCGNFLKRTCICVKK
>AP01533,KRRGSVTTRYQFLMIHLLRPKKLFA
>AP00585,SIWEGIKNAGKGFLVSILDKVRCKVAGGCNP
>AP00206,WKSESLCTPGCVTGALQTCFLQTLTCNCKISK
>AP00004,NLCERASLTWTGNCGNTGHCDTQCRNWESAKHGACHKRGNWKCFCYFDC
>AP02297,FLPLKKLRFGLL
>AP02539,RRGKDSGGPKMGRKDSKGCWRGRPGSGSRPGFGSGIAGASGVNHVGTLPASNSTTHPLDNCKISPQ
>AP01157,QRGSRGQRCGPGEVFNQCGSACPRVCGRPPAQACTLQCVSGCFCRRGYIRTQRGGCIPERQCHQR
>AP00248,GLFGVLGSIAKHVLPHVVPVIAEK
>UniRef50_Q7RX33,MLIGVDACNDPARVYHAYN
>AP00841,TTHSGKYYGNGVYCTKNKCTVDWAKATTCIAGMSIGGFLGGAIPGKC
>AP01415,FLPVIAGVAANFLPKLFCAISKKC
>UniRef50_Q5XK85,DAINNENEAITRAISDGKT
>AP01318,IPVLCPVCTSLVGKLIDLVLGGAVDKVTDYLETLCAKADGLVETLCTKIVSYGIDKLIEKILEGGSAKLICGLIHAC
>AP01418,GLMDTIKGVAKTVAASWLDKLKCKITGC
>AP00589,FLGALAKIISGIF
>UniRef50_Q46338,DLSANRSVLELSGPAAPLVLRKSCP
>UniRef50_Q96AB3-2,LFLCDMQEKFRHNIAYFPQIVSVAARMLKVARLLEVPVMLTEQYPQGLGPTVPELGTEGLRPLAKTCFSMVPALQQELDSRPQLRSVLLCGIEAQACILDPRSYPGLALTSLYPQNTTLDLL
>UniRef50_O94265,GMMAFSSSSISAIEHSAKIIQAIK
>AP02882,GFLSALKKYLPIVLKHV
>UniRef50_Q3AAM5,IYASNIPVVTGIGHE
>AP00361,DLRFWNPREKLPLPTLPPFNPKPIYIDMGNRY
>UniRef50_P94870,KLLNVPMEYLTAA
>UniRef50_P0A9H8,WHNFGADYDTTLMAWYERFLAAWPEIAD
>AP01036,GIPCGESCVWIPCISSAIGCSCKSKVCYRN
>AP00119,GILSSIKGVAKGVAKNVAAQLLDTLKCKITGC
>UniRef50_Q8IYA6,LNILQDSNRTT
>UniRef50_O94650,PDDTVGDFKKLVAAQTGTDPRRIVLKKWHSVFKDNITL
>AP01200,GGGVIQTISHECRMNSWQFLFTCCS
>AP00088,GILDTLKQFAKGVGKDLVKGAAQGVLSTVSCKLAKTC
>UniRef50_Q7Z4T9-7,RTCHALQEDEKLVKKAEKQVTLALQRQRNLHEHKVSLVENHLAGLEGRA
>AP01283,MRKEFHNVLSSGQLLADKRPARDYNRK
>AP02348,TTPLCVGVIIGLTTSIKICK
>AP01405,GLLGGLLGPLLGGGGGGGGGLL
>UniRef50_P47139,GSPSQCPNILGPIRFGDDVMWNKTIFTKETNFFMRSSFYFLPLDGRCFVDKITLERYDFDFFDTDVWKTLGLSPLVNEKREESAH
>UniRef50_Q99P25,PLLSSIKNAYEVMLAHQKER
>AP01450,FFGAIAAALPHVISAIKNAL
>UniRef50_Q83MQ1,LEKLKDDLARERAAFHNFRM
>AP01325,QPFIPRPIDTCRLRNGICFPGICRRPYYWIGTCNNGIGSCCARGWRS
>UniRef50_Q09LX1,MIGINDVWRQYDLPFM
>UniRef50_P59328,ADKTEEVKENPKSSSSDAPA
>AP00056,LIGPVLGLVGSALGGLLKKI
>AP01604,DAPGHPGKHYLQVNVPSDVRTIGVAGGGVQQCFRVTPGAWNDTRALVSNGAQVEVWGYTVADCANRTTANQKYYDKAAAPSDSSTYFWFTLKNLRV
>UniRef50_O13563,ELGFWDFEWRPTEKPVGR
>AP00106,FLPFLASLLTKVL
>UniRef50_Q54XP2,AVRLKWGGMEYRGILASVDSYMN
>AP02863,KKWKIVVIKWKK
>UniRef50_A0AFT8,DSFKKAHGRTKDTREQREDRKGIVGNEIAR
>UniRef50_P57279,FLIDSNWIIRHQVV
>UniRef50_Q1IMM4,DYPHYTRPAEFRGYVVPQVLQDGNHAEIQRWRRRRALEKT
>AP02868,RRRWWWRRWWRR
>UniRef50_P49427,YTDIIRKQVLGTKVDAERDGVKVPTTL
>UniRef50_Q9ZTK5,CVEKTFIFPPEAIEKLKSKAVEFGIEKPTRVEV
>UniRef50_P24094,LVDDFDGAGAADETVEFGLDGVTYEIDLTNKNAAKLRGDLRQWVSAGRRVGGRRRGRSNSGRGR
>UniRef50_Q94CE5,LGGNEPRLVSAAVEQLNTLPFYHSFWNRTTK
>AP01618,GTTVVNSTFSIVLGNKGYICTVTVECMRNCSK
>AP01623,GFKLKGMARISCLPNGQWSNFPPKCIRECAMVSS
>UniRef50_P11416-2,ACLDILILRICTRYTPEQDTMTFSD
>AP00583,GVITDALKGAAKTVAAELLRKAHCKLTNSC
>AP00186,GRCVCRKQLLCSYRERRIGDCKIRGVRFPFCCPR
>AP00060,GIGGKILSGLKTALKGAAKELASTYLH
>AP02136,FIHHIIGWISHGVRAIHRAIHG
>AP02627,CVLIGQRCDNDRGPRCCSGQGNCVPLPFLGGVCAV
>UniRef50_I3R636,ACTETIRAGSDRLKDVMSTLGVNVLDGREVQAHAGLDAFSNV
>AP02015,NANSNFEGGPRNDRSSGARNSLGRNAPTHIYSDPSTVKCANAVFSGMIGGAIKGGPIGMARGTIGGAVVGQCLSDHGSGNGSGNRGSSSSCSGNNVGGTCNR
>UniRef50_P46869,GKAGGKDITDIGSLRDSVN
>AP02371,GHLGRPYIGGGGGFNRGGGFHRGGGFHRGGGFHSGGGFHRGGGFHSGGSFGYR
>AP02118,FLPAALAGIGGILGKLF
>UniRef50_E5FYH1,GISAVYFYHRLLLWAKGRKVLDILYELKIHFTSLKGLTGPEKEAPRCQIVN
>UniRef50_Q6FU75,QMKRRIIDSHKLLLNFNVIKDN
>AP00377,GWKDWLKKGKEWLKAKGPGIVKAALQAATQ
>AP00914,QYGRRCCNWGPGRRYCKRWC
>UniRef50_Q04377,RPSATHNLALKDCFLFICDLIRIYHHVLKVPIHESNMNLHVEP
>UniRef50_Q83N13,LYIPEHKTGGWTNHNPRRLRKLLLHKYQIARLRKD
>UniRef50_P10383,NDYNFKVGAKCKVELPNETEMYTCHVQNISKDKN
>UniRef50_F4JY37,IPAYAQKLLVMLVEFDYIKISNLLRHNTVSQCFEFLLGDLSS
>UniRef50_P13234,LQEFNARRKLKAAVKAVVASSRLGSASSSHTNIQESNKASSEAQPAQDGKDKTDPLENKMQAGDHE
>UniRef50_O13997,LNKSHYVAKTPEIQDEPWKPKFDWKESEPITDRKSTFMAHATRVYSTE
>AP01557,DHHHDHGHDDHEHEELTLEKIKEKIKDYADKTPVDQLTERVQAGRDYLLGKGARPSHLPARVDRHLSKLTAAEKQELADYLLTFLH
>UniRef50_Q9NZD8,EAKEEMYKLYPNARRAHLKTGGNFPYLCRSAEVNLYVQIHLLQFHGTKYAAIDP
>AP00992,YSYKKIDCGGACAARCRLSSRPRLCNRACGTCCARCNCVPPGTSGNTETCPCYASLTTHGNKRKCP
>AP00422,QGCKGPYTRPILRPYVRPVVSYNACTLSCRGITTTQARSCCTRLGRCCHVAKGYS
>AP02621,GKLTKDKLKRGAKKALNVASKVAPIVAAGASIAR
>AP00137,LRDLVCYCRTRGCKRRERMNGTCRKGHLMYTLCCR
>AP00787,GWRLLLKKAEVKTVGKLALKHYL
>AP00596,FLPLVTGLLSGLL
>AP01261,IIEKLVNTALGLLSGL
>UniRef50_O04203,YASGNLLNRIVSSIEEEKFGKASNDVYLLEKIWKILAE
>AP02093,SDGGAQDCCLKYSQRKIPAKVVRSYRKQEPSLGCSIPAILFLPRKRSQAELCADPKELWVQQLMQHLDKTPSPQKPAQGCRKDRGASKTGKKGKGSKGCKRTERSQTPKGP
>AP00688,KRFHSVGSLIQRHQQMIRDKSEATRHGIRIITRPKLLLAS
>AP00144,GIGKFLHSAKKFGKAFVGEIMNS
>AP02866,RRRWIVVIWRRR
>UniRef50_O94992,PCHDSEASKLGAPAAGGEEEWGQQQRQLGKKK
>AP00382,GLVDVLGKVGGLIKKLLPG
>UniRef50_Q8D226,NYLINKFPNFKIELGMR
>UniRef50_C5DDJ3,DQLIQHELEKKLNWDDV
>AP01003,FKSWSFCTPGCAKTGSFNSYCC
>AP00276,VFQFLGKIIHHVGNFVHGFSHVF
>AP01758,IPAMEPAARVKRSPGYGGCSPRWACGGYG
>UniRef50_A5ULG2,TDNKNRKFIIKEKMEEYPVLVYMPNFGS
>UniRef50_Q5SW96,AFSRLAQSRTN
>AP02293,GFMSKVANFAKKFAKGGVNAIMNQK
>AP00496,AKKVFKRLEKLFSKIQNDK
>UniRef50_Q6PCD5,ARLRAPLDAYFQVSRTQPDLPA
>UniRef50_Q55DB6,VFKPKKVLPPPPTTKSKGAA
>UniRef50_O14468,GDTENIVTVFDLANEIE
>AP00764,GLRSKIWLWVLLMIWQESNKFKKM
>AP02267,FIPGLRRLFATVVPTVVCAINKLPPG
>UniRef50_A9WJ51,FVVAPDQPRYLGDIAISYQRVLAQA
>AP01898,RRSRRGRGGGRRGGSGGRGGRGGGGRSGAGSSIAGVGSRGGGGGRHYA
>UniRef50_O93967,LSQFLEAYRELEGYKNGRAIKVDGQTLSIAAVAAAARYNAAVELDESPLVKER
>UniRef50_O28578,YCRKVLGGVTTYGANL
>UniRef50_Q7UMW0,EPHWSQFDRLLLIKGPKWVDERGEAR
>UniRef50_B2KAM4,ETVFGVEACETWLKPLSLSLKNDILTVTLPN
>AP02814,MAGGKAGKDSGKAKAKAVSRSARAGLQFPVGRIHRHLK
>UniRef50_F4I5N6,PSVRRRRVVSVTTNDMEGSYP
>AP01524,DIDFSTCARMDVPILKKAAQGLCITSCSMQNCGTGSCKKRSGRPTCVCYRCANGGGDIPLGAL
>AP02854,GYFPGRPPFPRPFPRPPSRPFPRPPFPGPFPRPYPWR
>AP00598,FLSAITSLLGKLL
>UniRef50_B0SK44,LAADTIVVYQNQILHKPIDTNDAF
>AP02488,GILDPIKAFAKAAG
>UniRef50_Q9AI34,DDGYVFEIEKFVF
>AP01429,GLLDSFKNAMIGIAKSAGKTALNKIACKIDKTC
>UniRef50_Q7VGU1,LATLKQEIILPLPPIIRINRNQAAKELDNVLKERNIHILVVGMPSGGEAEHSDTQKRISHFISLLSFEGEICFVNEDYTSFNALQS
>AP01968,IKIPPIVKDTLKKVAKGVLSTIAGALST
>UniRef50_Q08285,EVAIGLNGKIWVKC
>AP02822,CMSYGGSCQRSCNGGFRLGGHCGHPKIRCCRRK
>AP02147,DGIWTQLIFTLVKNLATLWQSGDFQFLDHECHYRIKPTFRRLKWKYKGKFWCPSWTSITGRATKSSRSGAVEHSVRNFVGQAKSSGLITQRQAEQFISQYN
>UniRef50_Q6CLD3,IAHELAHSWSGNLVTNCSWDHFWLNEGW
>UniRef50_O42654,KCRQFNAEMECNMKKLFN
>UniRef50_C6C0N2,IRVGIGRPEFSSQVKDYVLEEFNTQELA
>UniRef50_Q21WM8,DLTQCGFELSTIQAGQPTGPEAAPTNISLRAQFNPRWTIKNTRNTLP
>AP01749,LVQRGRFGRFLKKVRRFIPKVIIAAQIGSRFG
>AP01918,IGVIKLSLCEEERNADEEKRRDDPDEMDVEVEKR
>UniRef50_Q13939,IPMDGTAVITKGDRHLYIVTGRCLVKGYISRVG
>UniRef50_Q23571,GYNDEINVDSLVKYRAELKEFAKERHIKLSYMPFFIKAASLALLEYPSLNSTTDEKMENVIHKASHNICLAMDTPGGLVVPNIKNCEQRSIFEIAQELNRLLEAGKKQQIKREDLIDGTFSL
>UniRef50_O04147,HLSLLYAELTEEEKKNAQEKAYTLDSSLD
>UniRef50_Q9Y7U9,ALQLLYSTNTYQFTFDTLPAEKEFQIPKALEATESLFQSLALTFPKLMKLSEDEKIGLW
>AP02468,FLPMLAGLAANFLPKIICKITKKC
>AP01629,LQDAALGWGRRCPRCPRCPNCRRCPRCPTCPSCNCNPK
>UniRef50_Q1DD74,WSNEWKSLIKSVHVGRLWVGPPWD
>AP02850,ACVNQCPDAIDRFIVKDKGCHGVEKKYYKQVYVACMNGQHLYCRTEWGGPCQL
>AP00744,GLPQDCERRGGFCSHKSCPPGIGRIGLCSKEDFCCRSRWYS
>UniRef50_Q4PEV8,DLLKIFVGGTTADFSAF
>AP00131,WNPFKELERAGQRVRDAIISAGPAVATVAQATALAK
>AP00875,FLSSIGKILGNLL
>AP00516,IWLTALKFLGKHAAKHLAKQQLSKL
>UniRef50_B1GZY8,SKTRSQEQAKEYSNTW
>UniRef50_Q9VCI3,IYDKVKNNNRLFSWYFETA
>AP02623,ASHLGHHALDHLLK
>AP00670,EPNPDEFFGLM
>AP01355,RESPSSRMECYEQAERYGYGGYGGGRYGGGYGSGRGQPVGQGVERSHDDNRNQPR
>UniRef50_Q19LA2,FPDFGSDEKITTTHTLVLGFAPAKGSVE
>AP00894,GLLDFVTGVGKDIFAQLIKQI
>UniRef50_O42980,LLRPSLVFLLAEAAISPEELKVALPKKLMNCKYLFMPINDLDKHAAGSG
>UniRef50_P17695,GQKEVFVAAKTYCPYCKATLSTLFQELNVPKSKALVLELDE
>UniRef50_P0CZ15,VAEEAAYQKLRSEIVLLVNE
>UniRef50_O15604,IVQKAGNFPLMQFKTKVKVNPKFLLKGDDMDIVDEAITYYKANVFYKN
>AP02038,FLGLIFHGLVHAGKLIHGLIHRNRG
>AP01556,GCFEDWSRCSPSTSRGTGVLWRDCDSYCKVCFKADRGECFDSPSLNCPQRLPNNKQCRCINARTAKDNRNPTCWA
>UniRef50_A9KH99,GDTASAMLEVLDSEQNCNFVDHYVEIPVDLSEVMFIATANTTQTIPKPLLDRMEIIEVSSYTENEKFHIAKNHL
>AP02049,FFHHIFRGIVHVGKTIHKLVTGT
>AP01966,IKIPAVVKDTLKKVAKGVLSAVAGALTQ
>AP00339,FFGWLIKGAIHAGKAIHGLIHRRRH
>AP02025,DCYEDWSRCTPGTSFLTGILWKDCHSRCKELGHRGGRCVDSPSKHCPGVLKNNKQCHCY
>UniRef50_P60866,EKNLKVKGPVRMPTKTLRITTRKTPCGEGSKTWDRFQMRIHKR
>AP00494,KWKLFKKIPKFLHLAKKF
>UniRef50_A5UZG3,LIEAARKNAEDD
>AP02579,YPLDQVEEQDEHQVAHIRVRRVTCDLLSAEAKGVKVNHAACAAHCLLKRKRGGYCNKRRICVCRN
>UniRef50_Q6P7L0,NSGNDLGKVLQLLLPAAVQIQQEVLQNYG
>UniRef50_Q9SGU9,ETHPQHKLFKGMVNRDYGYGGLLSIDMETE
>UniRef50_Q9US35,QVLCIIPNHSCITAAAFPWYY
>UniRef50_Q0B0A0,IKHYYDENPDIPPEILLSHLPSESKLVEAWLKSRVSHRVE
>UniRef50_Q661V4,VYLETKHFVEVVLIDVSKPLLSFPRENFLFLITLGGDGT
>UniRef50_Q1MTN3,KKPLTDNGATSRHM
>AP01552,QIVDCWETWSRCTKWSQGGTGTLWKSCNDRCKELGRKRGQCEEKPSRCPLSKKAWTCICY
>AP01743,GIGGALLSVGKLALKGLANVLADKFAN
>AP00831,GLLSGILGAGKHIVCGLTGCAKA
>AP01555,TCRYWCKTPENQTYCCEDEREIPSKVGLKPGKCPPVRPVCPPTRGFFEPPKTCSNDGSCYGADKCCFDRCLGEHVCKPIQTRG
>AP02639,AIPWIWIWRLLRKG
>UniRef50_P45450,LVAYQHIAAGWRQRFTIPIIGVTGS
>UniRef50_O58263,AQILAQNLELLNLAKAEVQTVRETLENLKKIEEEKPEILVPI
>AP01398,YQEPVLGPVRGPFPIIV
>UniRef50_P78055,AAGKKPLDVVLPQLHEAMGGQGRLFAQVMATTAEGMVN
>UniRef50_A5URM3,TVARRVAAVKSFFAFLTGSG
>UniRef50_Q9BUP3,QGHDVGFCCLGTTRGKAGAEGFVRV
>AP01890,GFMATAKNVAKNMDVTLLDNLKCKITKAC
>UniRef50_Q9USY1,GTTVAATMILARAAGIDVFATGG
>AP00293,AMWKDVLKKIGTVALHAGKAALGAVADTISQ
>AP02312,FKIPPIVKDTLKKFFKGGIAGVMGQ
>AP02288,GWASSIGSILGKFAKGGAQAFLQPK
>UniRef50_B3QZW6,VILNNQPEFLSLAA
>AP00499,VGALAVVVWLWLWLW
>AP01778,DSMGAVKLAKLLIDKMKCEVTKAC
>UniRef50_Q55BF2,ELRSKINIYKEADAANILQQRIKK
>AP02700,KKVWFIFHVCPKLKQRIL
>AP00535,GLGSVFGRLARILGRVIPKVAKKLGPKVAKVLPKVMKEAIPMAVEMAKSQEEQQPQ
>UniRef50_Q03W65,DESARSLTNVVFTTADLERDQAIAKDATKEGLFNL
>AP00559,ATRVVYCNRRSGSVVGGDDTVYYEG
>AP00502,FLRFIGSVIHGIGHLVHHIGVAL
>UniRef50_Q8ETB7,ERYILQTINGFKPAVVKGKMRH
>UniRef50_Q1IVF9,NLFAMGNVDFKVIH
>AP00543,GVVDILKGAGKDLLAHLVGKISEKV
>AP00429,GYFCESCRKIIQKLEDMVGPQPNEDTVTQAASQVCDKLKILRGLCKKIMRSFLRRISWDILTGKKPQAICVDIKICKE
>AP02873,FIRWRFRWWRWRR
>AP00593,FLPILAGLAAKIVPKLFCLATKKC
>AP01390,ILPFVAGVAAEMMQHVYCAASKKC
>UniRef50_Q9RTA0,LILTRGMEGCLYAFPLPGWKRVEEQLEGLPLTDAGSRAFVRFFYSGASKARLDNQSRVSIPQTLRAFAGLDSDVIVAGAPGRLEFWNPQRW
>AP02682,GWWRRTVDKVRNAGRKVAGFASKACGALGH
>UniRef50_P25888,GLSPDILRAVAEQGYREPTPIQQQAIPAVLEGRDLMASAQTGT
>UniRef50_Q47839,TVKTLLGRLVKKEALWTEQ
>AP00434,GLMSVLGHAVGNVLGGLFKS
>UniRef50_Q9FF86,AVQVTKLKDGLAMGLAFNHAVLDGTSTWHFMSSWAEICRGAQSISTQPFLDRSKARDTRVKLDLTAPKD
>UniRef50_Q93EJ3,DRGQICFDEENEARAAAVMEQESFRITCDLGIGE
>AP02414,FLKGVINLASKIPSMLCAVLKTC
>AP02355,INWKGIAAMAKKLL
>UniRef50_P26651,MDLTAIYESLLSLSPDVPVPSDHGGTESSPGWGSSGPWSLSPSDSSPSGVTSRLPGRSTSLVEGRSCGWVPPPPGFAPLAPRLGPELSPSPTSPTATSTTPSRYKTELCR
>UniRef50_Q6KIH8,IKSYVQGFEMLLNQTINILESYGLIIIRPEIGDTFNPEVHNAVELR
>AP00792,FLGLLFHGVHHVGKWIHGLIHGHH
>AP02075,SNFDCCLGYTDRILHPKFIVGFTRQLANEGCDINAIIFHTKKKLSVCANPKQTWVKYIVRLLSKKVKNM
>AP02416,FIVPSIFLLKKAFCIALKKNC
>AP00548,RFGRFLRKIRRFRPKVTITIQGSARFG
>AP01902,GFGSFLGKALKAALKIGANVLGGAPQQ
>AP01319,DPVTYIRNGGICQYRCIGLRHKIGTCGSPFKCCK
>UniRef50_Q5ZVA8,WYLDGFSPSKNQSMW
>UniRef50_O94378,CRQQPVDEERQDRVSKISKHFQDSGTPVSEEVSPTRLPSPTSARRASH
>AP00435,GWFGKAFRSVSNFYKKHKTYIHAGLSAATLL
>AP01227,VGIGGGGGGGGGGSCGGQGGGCGGCSNGCSGGNGGSGGSGSHI
>AP02178,LRVRRTLQCSCRRVCRNTCSCIRLSRSTYAS
>AP01774,GIPCGESCVFIPCITGAIGCSCKSKVCYRN
>UniRef50_Q9RUP6,FVGRVDDTGWDGSELIRQIK
>UniRef50_Q1IVQ3,LLGSPQAAEAEGVIGECWRTERTVYFPGSTQRVLWIGQR
>AP01374,NLAKGKEESLDSDLYAELRCMCIKTTSGIHPKNIQSLEVIGKGTHCNQVEVIATLKDGRKICLDPDAPRIKKIVQKKLAGDES
>UniRef50_P05153,CPIMDPAWESPEGVPIEGIIFGGRRPAGVPLVYEAFNWQHGVFIGAAMRSEATAAAEHKGKIIMHDPFAMRPFFGYNFGKYLAHWLSMAHRPAAKLPRIFHVNWFRKDSQGKFLWPGYGENSRVLEWMFN
>AP01311,GLLSGILGAGKQKVCGLSGLC
>UniRef50_Q75A74,RRAEVTIPYFDGLSGQKR
>UniRef50_Q5BQN5,TLSDVFMEHGKMGEFLDGLR
>UniRef50_Q9HGP9,DSSIKVFNIQDITIK
>UniRef50_P11309,VYTDFDGTRVYSPPEWIRYHRY
>UniRef50_P12348,PPKVGSSDVSSTREDAR
>UniRef50_Q9LWN0,SAVDQLVEIIKV
>UniRef50_Q05024,TRKRKGKSESKSKR
>UniRef50_Q8N693,DQDREGGGGHEPEQQQEEPPLTKPEQQQEEPPLLELKQEQEEPPQTTVEGPQPAEG
>AP01408,KQEGRDHDKSKGHFHMIVIHHKGGQAHHG
>AP02620,ESFLKSKTGYQGVQTLPGFIGGSQPHLGGGIGGGRPFISQPNLGGGIGGGIGGGKPFIPQPNLGGGIGSTRPFPRPQYGDYGSRNSCNRQCPSTYGGRGICCRRWGSCCPTNYK
>UniRef50_P23497,QRGRKKDRPRKHLTLNNKVQKKRWQQRGRKANTRPLKRRRKRGPR
>AP00452,FLPVVAGLAAKVLPSIICAVTKKC
>AP02527,FLPLILPSIVTALSSFLKQG
>AP00675,EFELDRICGYGTARCRKKCRSQEYRIGRCPNTYACCLRKWDESLLNRTKP
>AP00271,RFRPPIRRPPIRPPFNPPFRPPVRPPFRPPFRPPFRPPIGPFP
>UniRef50_P39643,KERIDFFTALCEKELGWKME
>AP00199,KYYGNGVHCTKSGCSVNWGEAFSAGVHRLANGGNGFW
>UniRef50_Q9NYB0,FLKNSGELEATSAFLASGQRADGYPIWSRQDD
>UniRef50_Q09501,NEIYNVEIRTVRSGIEEINRSRHELL
>AP02524,GDCGGTCTWTKDCSICPSWSCWSWSC
>UniRef50_O83128,PAQIRKHMQEKIADRISKGQFRFPSAGSAFKNNPAFGKPSGILIEEAGLRGTSCGAAQVAPWHGNLIINTGNATAHQVRTLL
>AP01953,FALGAVTKLLPSLLCMITRKC
>UniRef50_Q16613,CLVAFIIGSLWDKERLM
>UniRef50_P40316,QQQGRLPLAAKDNNRSKSFIFPETSNQSKD
>UniRef50_Q6XVY3,IYIEKEGDSINLLCPFCALPENINDLIYALSLN
>AP02446,DTFDYKKFGYRYDSLELEGRSISRIDELIQQRQEKDRTFAGFLLKGFGTSAS
>AP02407,SDYLNNNPLFPRYDIGNVELSTAYRSFANQKAPGRLNQNWALTADYTYR
>UniRef50_Q08686,RIVPVDATWYLPSWKLDNKVD
>AP01974,YGQSTHAVIYAQGYTYSSDWR
>UniRef50_Q8EV76,EIAANSNTKEKEIKEDF
>AP01264,RIGVLLARLPKLFSLFKLMGKKV
>UniRef50_Q9SUV9,LTATVATASTSVDEAAK
>AP00270,QQCGRQASGRLCGNRLCCSQWGYCGSTASYCGAGCQSQCRS
>AP00517,KIKWFKTMKSIAKFIAKEQMKKHLGGE
>AP00837,KVPIGAIKKGGKIIKKGLGVLGAAGTAHEVYNHVRNRQ
>AP00674,ITSVSWCTPGCTSEGGGSGCSHCC
>UniRef50_Q05BV3,LCCEGIWPVIGEVTDVT
>AP02064,GILDKLKEFGISAARGVAQSLLNTTASCKLAKTC
>AP02233,GFGCPNDYSCSNHCRDSIGCRGGYCKYQLICTCYGCKKRRSIQE
>UniRef50_O60760,MSCFPWAEKKQDVKEQMFNELLTYNAPHLMQDLDTYLGGREWLIGNSVTWADFYWEICSTTLLVFKPDLLDNHPRLVTLRKKVQAIPAVANWI
>UniRef50_P23185,IGLKNRVWAGYTDSYVA
>UniRef50_O59748,SLKFSSSTASIAWNVCTDAYKTYTMLKYPAHIVA
>AP01152,SIWGDIGQGVGKAAYWVGKAMGNMSDVNQASRINRKKKH
>UniRef50_Q6C715,LGHLLHSFRNDEGVYNMLKSLLSPLCQRVFASLEEL
>UniRef50_Q54MZ9,MDAFGLRDWLYEMAD
>AP01978,FIGAIARLLSKIF
>AP00207,TAGPAIRASVKQCQKTLKATRLFTVSCKGKNGCK
>UniRef50_B3LR49,NISHYSVLFKRLYVLLSVFDSLQSCAFGGPKLLN
>UniRef50_Q6ZSB9,THTGEKPYTCEICNKCFTRSAVLRRHKKMH
>UniRef50_Q9SKN2,PKQPSRSSRSSLAATSGIDRIMAAALESRSYQRPQQRFANPPYVPMRQFRS
>UniRef50_Q8BZI0,GLLLVEMGSKVTPEALH
>AP00852,KYYGNGLSCSKKGCTVNWGQAFSCGVNRVATAGHHKC
>UniRef50_P0DOB6,ISIPELEFKFENVVNN
>UniRef50_Q7CQM8,IAVRTVEVHRARVMEKM
>AP00319,GILDFAKTVVGGIRNALGI
>UniRef50_Q8AXM9,AETQNPSCFGVRRGKGK
>UniRef50_A8Z5X3,FIFLSEKEIHLK
>AP02841,FLTGLIGGLMKALGK
>AP02802,MAGLLRFLLSKGRALYNWAKSHVGKVWEWLKSGATYEQIKEWIENALGWR
>UniRef50_P35270,QLARETSVDPDMRKG
>UniRef50_P29466,CNEEFDSIPRRTGAEVDITGMTMLLQNLG
>AP01300,ATAVDFGPHGLLPIRPIRIRPLCGKDKS
>UniRef50_O74883,RTNLMVGLIRDGQFH
>UniRef50_B1YI19,SIRRQLENVFPVTAQHVSTVEPGEGSKSLSVYQRLLEEG
>AP01392,SVLGTVKDLLIGAGKSAAQSVLTALSCKLSNSC
>AP00445,GFCRCLCRRGVCRCICTR
>UniRef50_Q9UKT5,ILKKPISEVTDGAFFDYMAVYRMCCPYTRRASKSS
>AP02687,GSAIRCGESCLLGKCYTPGCTCDRPICKKN
>AP00115,GLFLDTLKGAAKDVAGKLEGLKCKITGCKLP
>UniRef50_Q12468,KDNIVVMDCFNLPVV
>UniRef50_Q97A25,YIEAGNKARRSIDLNHIEKIGRDIVNVFNSGGKLIVFGNGGSAADSQHFVAE
>UniRef50_Q6FIN2,TKQVIPRVVAYGQVCDAI
>UniRef50_O94916,DLLDNSRMSCQDEGCGLESEQSCSMWME
>UniRef50_O81635,TGDRLKEAQHINKSLSALG
>UniRef50_A7I9P7,VSEHHADSTYPVVSAASIVAKVTRDREIAKLAKKYGQIGSGYP
>UniRef50_Q9WY73,YELDESEEFFSEFSPNYLIITNARGDHLENYGNSLTRYRSAFEKISRNTDLVVTFAEDELTSHLGDVTFGVKKGTYTLEMRSASRAEQKAMV
>AP01958,GLPRKILCAIAKKKGKCKGPLKLVCKC
>UniRef50_Q9WZ15,RVPPVRIKQTCNIPVSSGLGSSAA
>UniRef50_Q02750,RKRLEAFLTQKQKVGELKDDDFEKISELGAG
>AP00316,GIVDFAKKVVGGIRNALGI
>AP00991,GSNFCDSKCKLRCSKAGLADRCLKYCGICCEECKCVPSGTYGNKHECPCYRDKKNSKGKSKCP
>UniRef50_Q4JXF0,FASGKGNRVILFGSRTGLDGIGGVSVLASDTFEEGAERKLPAVQVG
>UniRef50_P39915,GDATSASYFLAAAGIKGVPVTGIGRHSMQGD
>AP01907,GIGSALAKAAKLVAGIV
>AP01719,GILDTFKGVAKGVAKDLAVHMLENLKCKMTGC
>AP00263,GLLQTIKEKLESLESLAKGIVSGIQA
>UniRef50_A8GLJ4,PIVSDLTPDFSGPLAGMLAGLK
>AP00364,VDKPDYRPRPWPRNMI
>UniRef50_P91276,TQAYRIITQFFTDDDAGEKESHENAD
>AP01234,FSKYERQKDKRPYSERKNQYTGPQFLYPPERIPPQKVIKWNEEGLPIYEIPGEGGHAEPAAA
>UniRef50_P14708,GMKKEQLLELPEQQEQHLKHLEQQEGQLELPEQQEGQ
>UniRef50_Q59W62,KSPYRSPYRSPYKSPSKRYSYNQSPTKSPYGRRS
>AP01671,RCVCRRGVCRCVCTRGFC
>UniRef50_Q8EZ61,LQWIDPGKTITFLGSSGAGKSTIINSLLGGEIQKTNEVKVSDGTGKHTTTRRELFLLPSGGVLMDN
>AP02439,SCTTCVCTCSCCTT
>UniRef50_Q8GND0,SRWEKRLRFYMEDAL
>AP02226,FCHLCEDLIKDGKEAGDVALDVWLDEEIGSRCKDFGVLASECFKELKVAEHDIWEAIDQEIPEDKTCKEAKLC
>UniRef50_P62500,ISVIPVAQAQGIQLPGQPTAVQTQPAGAAGQPIG
>AP00017,GLFDIVKKVVGTLAGL
>UniRef50_F4I3Z5,LDVSLAVAWAFMGQIFRESDEMKFAKQAFDCARSIDPTLALPWAGSA
>UniRef50_Q9P791,TGYVGTVMDSTTVMYNDPGLTNANLKIILADIDMSKPENQNPQQQLDDGEYIENFPI
>AP01315,ARLKKCFNKVTGYCRKKCKVGERYEIGCLSGKLCCAN
>UniRef50_P94212,ETAIHKMTGLAAAQYGLTERGLLRQGYHADLVLFDPANVTDTATFSAPIQVSQGIHAVWVNGRQVWDGERTGAERPGQVLAPGDAIPWS
>AP01236,GLLDFAKHVIGIASKL
>AP00503,FLGVVFKLASKVFPAVFGKV
>UniRef50_Q6DFJ6,QEGLKSSLQEVKNKLTPGGTLMDSWINTEGIHAADRNVEKLQVLLSLITEIYCQFKKDKAQRRLSYNEEQI
>UniRef50_Q96C86,LHYLPSYYHLHVHFTALGFEAPGSGVERAHLL
>AP01267,RRTCHCRSRCLRRESNSGSCNINGRIFSLCCR
>AP01832,FLPAVLLVATHVLPTVFCAITRKC
>AP02880,GFVALLKKLPLILKHLH
>UniRef50_O43137,GYQEFLKKQEKKNYEIQTVLSEDKSHGYVL
>AP02053,GLSQGVEPDIGQTYFEESRINQD
>UniRef50_A8IVX2,LLQDKDSLMNALQASHDAHMGKIDSLEDRLVSNELRS
>AP00498,GLVRKGGEKFGEKLRKIGQKIKEFFQKLALEIEQ
>UniRef50_P60837,LLDIHGVSDHLTIDLGEVRGLDYHTGLTFE
>AP00460,FLPIIAGIAAKVFPKIFCAISKKC
>AP01380,YDLSKNCRLRGGICYIGKCPRRFFRSGSCSRGNVCCLRFG
>AP00425,GCWSTVLGGLKKFAKGGLEAIVNPK
>AP02089,ARGTNVGRECCLEYFKGAIPLRKLKTWYQTSEDCSRDAIVFVTVQGRAICSDPNNKRVKNAVKYLQSLERS
>UniRef50_Q81II2,TDIKLKKKLREVVVKIDCVDQLMVIKTLPGNAHVI
>UniRef50_A0KNH6,GDFHELFLANDAVSPHESAHQDAAALERMKARLSRLNIDVSAKYQQPVDHLGVE
>UniRef50_Q894C9,YNPEFVFISTNFLKTLDFQRFKDG
>AP01517,INLLKIAKGIIKSL
>AP01999,GFLGPLLKLGLKGAAKLLPQLLPSRQQ
>UniRef50_Q3B820,GREQAVRKSEKERMREYQRE
>AP00160,ALWMTLLKKVLKAAAKAALNAVLVGANA
>UniRef50_Q6DA21,YRITRGDMFYVSAHDRHSYESVHELELDNILYIRNRLTLSADWQT
>UniRef50_Q9P6N7,LNIDGKVECEAGVMDSESGLTASVACCNCCRHPSE
>AP02825,RERSKGSKYLYVG
>UniRef50_Q49MI3,FAIHWSVQRLFTGMQTLEPSVVCVGGDGSASEVAH
>UniRef50_P59567,LILYAPNEFSFNWIKDNYIENLKKLLKNFCNINTTPTLMLKICKPKIIQKKFFNELTLKK
>UniRef50_A2RV06,IAFMVKAVVLDPTNHFNV
>AP00083,GILSLVKGVAKLAGKGLAKEGGKFGLELIACKIAKQC
>AP02078,ASVVTELRCQCLQTLQGIHLKNIQSVNVRSPGPHCAQTEVIATLKNGKKACLNPASPMVQKIIEKILNKGSTN
>AP00015,GLFDIVKKVVGALGSL
>UniRef50_Q6C435,IRSHLDADPVV
>UniRef50_Q9UUC7,DSAVAKTIEESISKNYPKCPFKVIGEAELL
>AP02632,NPFKKLERVGQHIRDGIIKAGPAVEVIGQANSIARPAGK
>AP01559,ATYDGKCYKKDNICKYKAQSGKTAICKCYVKVCPRDGAKCEFDSYKGKCYC
>AP00603,FLPLLLAGLPKLLCLFFKKC
>UniRef50_B9KH69,GIHKATNVLSFSYEKLSPGCCLGEIYLSMERIAEESLEMDVAVRSH
>UniRef50_E7F9T0,AFLNTLKRNSLQRHKDRLASVKGP
>UniRef50_Q8F4J6,GGHSFLFLKEFPNSRIILCDRDPIMLSRALTRLSDFSERVVSIQ
>UniRef50_Q24400,STIQFPDGRPLAGPKTSGGCPRCGFAVFAAEQMISKTRIWHKRCFYCSDCRKSLDSTNLNDGPDG
>AP02557,ECIPTKHDCTNDRKNCCPGHECKCYNTQIGGSKKEQCGCKKSLLAKAKNFGGKVITIFKA
>UniRef50_Q03336,IPDGMCIDVEGKLWVACYNGGRVIRLDPETGKRLQTVKLPV
>AP02832,GIMDTIKNAAKDVVQSLLNKASCKLAKTC
>AP00539,GFGCPWNRYQCHSHCRSIGRLGGYCAGSLRLTCTCYRS
>UniRef50_A8FK97,PKSKNLLIELAGGLFSPMDENY
>UniRef50_A9VCY6,DFYVDGDEICIATM
>AP02723,MRVLLLLVSLAAVGNAYNAKVPIQTLPERLDNFPGRGPSFTRPAVVGVQTLPGRVPPQTFPGVIGVGTKPLISPPRPGFTGSTRPFQRPGQYSFTRSNCWARCPGYPNGDSLCCRQYGACCSTSYPVPYKG
>UniRef50_O94338,DFKDYSTSAFHLHFSPLTPNHASTEAVSNFKQSSTIPSISKSNLTNPPLESEKSSDKALLTRPATSRRRCCHPTCTRITLRL
